image,front_left,front_right,rear_left,rear_right,hood,config,zoom_id,zoom_name,zoom_delta,angle_id
cfg_00000_zoom_out_a00.png,0,0,0,0,0,00000,0,zoom_out,300,0
cfg_00000_zoom_out_a01.png,0,0,0,0,0,00000,0,zoom_out,300,1
cfg_00000_zoom_out_a02.png,0,0,0,0,0,00000,0,zoom_out,300,2
cfg_00000_zoom_out_a03.png,0,0,0,0,0,00000,0,zoom_out,300,3
cfg_00000_zoom_out_a04.png,0,0,0,0,0,00000,0,zoom_out,300,4
cfg_00000_zoom_out_a05.png,0,0,0,0,0,00000,0,zoom_out,300,5
cfg_00000_zoom_out_a06.png,0,0,0,0,0,00000,0,zoom_out,300,6
cfg_00000_zoom_out_a07.png,0,0,0,0,0,00000,0,zoom_out,300,7
cfg_00000_zoom_out_a08.png,0,0,0,0,0,00000,0,zoom_out,300,8
cfg_00000_zoom_out_a09.png,0,0,0,0,0,00000,0,zoom_out,300,9
cfg_00000_zoom_out_a10.png,0,0,0,0,0,00000,0,zoom_out,300,10
cfg_00000_zoom_out_a11.png,0,0,0,0,0,00000,0,zoom_out,300,11
cfg_00000_zoom_out_a12.png,0,0,0,0,0,00000,0,zoom_out,300,12
cfg_00000_zoom_out_a13.png,0,0,0,0,0,00000,0,zoom_out,300,13
cfg_00000_zoom_out_a14.png,0,0,0,0,0,00000,0,zoom_out,300,14
cfg_00000_zoom_out_a15.png,0,0,0,0,0,00000,0,zoom_out,300,15
cfg_00000_zoom_out_a16.png,0,0,0,0,0,00000,0,zoom_out,300,16
cfg_00000_zoom_out_a17.png,0,0,0,0,0,00000,0,zoom_out,300,17
cfg_00000_zoom_out_a18.png,0,0,0,0,0,00000,0,zoom_out,300,18
cfg_00000_zoom_out_a19.png,0,0,0,0,0,00000,0,zoom_out,300,19
cfg_00000_zoom_out_a20.png,0,0,0,0,0,00000,0,zoom_out,300,20
cfg_00000_zoom_out_a21.png,0,0,0,0,0,00000,0,zoom_out,300,21
cfg_00000_zoom_out_a22.png,0,0,0,0,0,00000,0,zoom_out,300,22
cfg_00000_zoom_out_a23.png,0,0,0,0,0,00000,0,zoom_out,300,23
cfg_00000_normal_a00.png,0,0,0,0,0,00000,1,normal,0,0
cfg_00000_normal_a01.png,0,0,0,0,0,00000,1,normal,0,1
cfg_00000_normal_a02.png,0,0,0,0,0,00000,1,normal,0,2
cfg_00000_normal_a03.png,0,0,0,0,0,00000,1,normal,0,3
cfg_00000_normal_a04.png,0,0,0,0,0,00000,1,normal,0,4
cfg_00000_normal_a05.png,0,0,0,0,0,00000,1,normal,0,5
cfg_00000_normal_a06.png,0,0,0,0,0,00000,1,normal,0,6
cfg_00000_normal_a07.png,0,0,0,0,0,00000,1,normal,0,7
cfg_00000_normal_a08.png,0,0,0,0,0,00000,1,normal,0,8
cfg_00000_normal_a09.png,0,0,0,0,0,00000,1,normal,0,9
cfg_00000_normal_a10.png,0,0,0,0,0,00000,1,normal,0,10
cfg_00000_normal_a11.png,0,0,0,0,0,00000,1,normal,0,11
cfg_00000_normal_a12.png,0,0,0,0,0,00000,1,normal,0,12
cfg_00000_normal_a13.png,0,0,0,0,0,00000,1,normal,0,13
cfg_00000_normal_a14.png,0,0,0,0,0,00000,1,normal,0,14
cfg_00000_normal_a15.png,0,0,0,0,0,00000,1,normal,0,15
cfg_00000_normal_a16.png,0,0,0,0,0,00000,1,normal,0,16
cfg_00000_normal_a17.png,0,0,0,0,0,00000,1,normal,0,17
cfg_00000_normal_a18.png,0,0,0,0,0,00000,1,normal,0,18
cfg_00000_normal_a19.png,0,0,0,0,0,00000,1,normal,0,19
cfg_00000_normal_a20.png,0,0,0,0,0,00000,1,normal,0,20
cfg_00000_normal_a21.png,0,0,0,0,0,00000,1,normal,0,21
cfg_00000_normal_a22.png,0,0,0,0,0,00000,1,normal,0,22
cfg_00000_normal_a23.png,0,0,0,0,0,00000,1,normal,0,23
cfg_00000_zoom_in_a00.png,0,0,0,0,0,00000,2,zoom_in,-300,0
cfg_00000_zoom_in_a01.png,0,0,0,0,0,00000,2,zoom_in,-300,1
cfg_00000_zoom_in_a02.png,0,0,0,0,0,00000,2,zoom_in,-300,2
cfg_00000_zoom_in_a03.png,0,0,0,0,0,00000,2,zoom_in,-300,3
cfg_00000_zoom_in_a04.png,0,0,0,0,0,00000,2,zoom_in,-300,4
cfg_00000_zoom_in_a05.png,0,0,0,0,0,00000,2,zoom_in,-300,5
cfg_00000_zoom_in_a06.png,0,0,0,0,0,00000,2,zoom_in,-300,6
cfg_00000_zoom_in_a07.png,0,0,0,0,0,00000,2,zoom_in,-300,7
cfg_00000_zoom_in_a08.png,0,0,0,0,0,00000,2,zoom_in,-300,8
cfg_00000_zoom_in_a09.png,0,0,0,0,0,00000,2,zoom_in,-300,9
cfg_00000_zoom_in_a10.png,0,0,0,0,0,00000,2,zoom_in,-300,10
cfg_00000_zoom_in_a11.png,0,0,0,0,0,00000,2,zoom_in,-300,11
cfg_00000_zoom_in_a12.png,0,0,0,0,0,00000,2,zoom_in,-300,12
cfg_00000_zoom_in_a13.png,0,0,0,0,0,00000,2,zoom_in,-300,13
cfg_00000_zoom_in_a14.png,0,0,0,0,0,00000,2,zoom_in,-300,14
cfg_00000_zoom_in_a15.png,0,0,0,0,0,00000,2,zoom_in,-300,15
cfg_00000_zoom_in_a16.png,0,0,0,0,0,00000,2,zoom_in,-300,16
cfg_00000_zoom_in_a17.png,0,0,0,0,0,00000,2,zoom_in,-300,17
cfg_00000_zoom_in_a18.png,0,0,0,0,0,00000,2,zoom_in,-300,18
cfg_00000_zoom_in_a19.png,0,0,0,0,0,00000,2,zoom_in,-300,19
cfg_00000_zoom_in_a20.png,0,0,0,0,0,00000,2,zoom_in,-300,20
cfg_00000_zoom_in_a21.png,0,0,0,0,0,00000,2,zoom_in,-300,21
cfg_00000_zoom_in_a22.png,0,0,0,0,0,00000,2,zoom_in,-300,22
cfg_00000_zoom_in_a23.png,0,0,0,0,0,00000,2,zoom_in,-300,23
cfg_00001_zoom_out_a00.png,0,0,0,0,1,00001,0,zoom_out,300,0
cfg_00001_zoom_out_a01.png,0,0,0,0,1,00001,0,zoom_out,300,1
cfg_00001_zoom_out_a02.png,0,0,0,0,1,00001,0,zoom_out,300,2
cfg_00001_zoom_out_a03.png,0,0,0,0,1,00001,0,zoom_out,300,3
cfg_00001_zoom_out_a04.png,0,0,0,0,1,00001,0,zoom_out,300,4
cfg_00001_zoom_out_a05.png,0,0,0,0,1,00001,0,zoom_out,300,5
cfg_00001_zoom_out_a06.png,0,0,0,0,1,00001,0,zoom_out,300,6
cfg_00001_zoom_out_a07.png,0,0,0,0,1,00001,0,zoom_out,300,7
cfg_00001_zoom_out_a08.png,0,0,0,0,1,00001,0,zoom_out,300,8
cfg_00001_zoom_out_a09.png,0,0,0,0,1,00001,0,zoom_out,300,9
cfg_00001_zoom_out_a10.png,0,0,0,0,1,00001,0,zoom_out,300,10
cfg_00001_zoom_out_a11.png,0,0,0,0,1,00001,0,zoom_out,300,11
cfg_00001_zoom_out_a12.png,0,0,0,0,1,00001,0,zoom_out,300,12
cfg_00001_zoom_out_a13.png,0,0,0,0,1,00001,0,zoom_out,300,13
cfg_00001_zoom_out_a14.png,0,0,0,0,1,00001,0,zoom_out,300,14
cfg_00001_zoom_out_a15.png,0,0,0,0,1,00001,0,zoom_out,300,15
cfg_00001_zoom_out_a16.png,0,0,0,0,1,00001,0,zoom_out,300,16
cfg_00001_zoom_out_a17.png,0,0,0,0,1,00001,0,zoom_out,300,17
cfg_00001_zoom_out_a18.png,0,0,0,0,1,00001,0,zoom_out,300,18
cfg_00001_zoom_out_a19.png,0,0,0,0,1,00001,0,zoom_out,300,19
cfg_00001_zoom_out_a20.png,0,0,0,0,1,00001,0,zoom_out,300,20
cfg_00001_zoom_out_a21.png,0,0,0,0,1,00001,0,zoom_out,300,21
cfg_00001_zoom_out_a22.png,0,0,0,0,1,00001,0,zoom_out,300,22
cfg_00001_zoom_out_a23.png,0,0,0,0,1,00001,0,zoom_out,300,23
cfg_00001_normal_a00.png,0,0,0,0,1,00001,1,normal,0,0
cfg_00001_normal_a01.png,0,0,0,0,1,00001,1,normal,0,1
cfg_00001_normal_a02.png,0,0,0,0,1,00001,1,normal,0,2
cfg_00001_normal_a03.png,0,0,0,0,1,00001,1,normal,0,3
cfg_00001_normal_a04.png,0,0,0,0,1,00001,1,normal,0,4
cfg_00001_normal_a05.png,0,0,0,0,1,00001,1,normal,0,5
cfg_00001_normal_a06.png,0,0,0,0,1,00001,1,normal,0,6
cfg_00001_normal_a07.png,0,0,0,0,1,00001,1,normal,0,7
cfg_00001_normal_a08.png,0,0,0,0,1,00001,1,normal,0,8
cfg_00001_normal_a09.png,0,0,0,0,1,00001,1,normal,0,9
cfg_00001_normal_a10.png,0,0,0,0,1,00001,1,normal,0,10
cfg_00001_normal_a11.png,0,0,0,0,1,00001,1,normal,0,11
cfg_00001_normal_a12.png,0,0,0,0,1,00001,1,normal,0,12
cfg_00001_normal_a13.png,0,0,0,0,1,00001,1,normal,0,13
cfg_00001_normal_a14.png,0,0,0,0,1,00001,1,normal,0,14
cfg_00001_normal_a15.png,0,0,0,0,1,00001,1,normal,0,15
cfg_00001_normal_a16.png,0,0,0,0,1,00001,1,normal,0,16
cfg_00001_normal_a17.png,0,0,0,0,1,00001,1,normal,0,17
cfg_00001_normal_a18.png,0,0,0,0,1,00001,1,normal,0,18
cfg_00001_normal_a19.png,0,0,0,0,1,00001,1,normal,0,19
cfg_00001_normal_a20.png,0,0,0,0,1,00001,1,normal,0,20
cfg_00001_normal_a21.png,0,0,0,0,1,00001,1,normal,0,21
cfg_00001_normal_a22.png,0,0,0,0,1,00001,1,normal,0,22
cfg_00001_normal_a23.png,0,0,0,0,1,00001,1,normal,0,23
cfg_00001_zoom_in_a00.png,0,0,0,0,1,00001,2,zoom_in,-300,0
cfg_00001_zoom_in_a01.png,0,0,0,0,1,00001,2,zoom_in,-300,1
cfg_00001_zoom_in_a02.png,0,0,0,0,1,00001,2,zoom_in,-300,2
cfg_00001_zoom_in_a03.png,0,0,0,0,1,00001,2,zoom_in,-300,3
cfg_00001_zoom_in_a04.png,0,0,0,0,1,00001,2,zoom_in,-300,4
cfg_00001_zoom_in_a05.png,0,0,0,0,1,00001,2,zoom_in,-300,5
cfg_00001_zoom_in_a06.png,0,0,0,0,1,00001,2,zoom_in,-300,6
cfg_00001_zoom_in_a07.png,0,0,0,0,1,00001,2,zoom_in,-300,7
cfg_00001_zoom_in_a08.png,0,0,0,0,1,00001,2,zoom_in,-300,8
cfg_00001_zoom_in_a09.png,0,0,0,0,1,00001,2,zoom_in,-300,9
cfg_00001_zoom_in_a10.png,0,0,0,0,1,00001,2,zoom_in,-300,10
cfg_00001_zoom_in_a11.png,0,0,0,0,1,00001,2,zoom_in,-300,11
cfg_00001_zoom_in_a12.png,0,0,0,0,1,00001,2,zoom_in,-300,12
cfg_00001_zoom_in_a13.png,0,0,0,0,1,00001,2,zoom_in,-300,13
cfg_00001_zoom_in_a14.png,0,0,0,0,1,00001,2,zoom_in,-300,14
cfg_00001_zoom_in_a15.png,0,0,0,0,1,00001,2,zoom_in,-300,15
cfg_00001_zoom_in_a16.png,0,0,0,0,1,00001,2,zoom_in,-300,16
cfg_00001_zoom_in_a17.png,0,0,0,0,1,00001,2,zoom_in,-300,17
cfg_00001_zoom_in_a18.png,0,0,0,0,1,00001,2,zoom_in,-300,18
cfg_00001_zoom_in_a19.png,0,0,0,0,1,00001,2,zoom_in,-300,19
cfg_00001_zoom_in_a20.png,0,0,0,0,1,00001,2,zoom_in,-300,20
cfg_00001_zoom_in_a21.png,0,0,0,0,1,00001,2,zoom_in,-300,21
cfg_00001_zoom_in_a22.png,0,0,0,0,1,00001,2,zoom_in,-300,22
cfg_00001_zoom_in_a23.png,0,0,0,0,1,00001,2,zoom_in,-300,23
cfg_00010_zoom_out_a00.png,0,0,0,1,0,00010,0,zoom_out,300,0
cfg_00010_zoom_out_a01.png,0,0,0,1,0,00010,0,zoom_out,300,1
cfg_00010_zoom_out_a02.png,0,0,0,1,0,00010,0,zoom_out,300,2
cfg_00010_zoom_out_a03.png,0,0,0,1,0,00010,0,zoom_out,300,3
cfg_00010_zoom_out_a04.png,0,0,0,1,0,00010,0,zoom_out,300,4
cfg_00010_zoom_out_a05.png,0,0,0,1,0,00010,0,zoom_out,300,5
cfg_00010_zoom_out_a06.png,0,0,0,1,0,00010,0,zoom_out,300,6
cfg_00010_zoom_out_a07.png,0,0,0,1,0,00010,0,zoom_out,300,7
cfg_00010_zoom_out_a08.png,0,0,0,1,0,00010,0,zoom_out,300,8
cfg_00010_zoom_out_a09.png,0,0,0,1,0,00010,0,zoom_out,300,9
cfg_00010_zoom_out_a10.png,0,0,0,1,0,00010,0,zoom_out,300,10
cfg_00010_zoom_out_a11.png,0,0,0,1,0,00010,0,zoom_out,300,11
cfg_00010_zoom_out_a12.png,0,0,0,1,0,00010,0,zoom_out,300,12
cfg_00010_zoom_out_a13.png,0,0,0,1,0,00010,0,zoom_out,300,13
cfg_00010_zoom_out_a14.png,0,0,0,1,0,00010,0,zoom_out,300,14
cfg_00010_zoom_out_a15.png,0,0,0,1,0,00010,0,zoom_out,300,15
cfg_00010_zoom_out_a16.png,0,0,0,1,0,00010,0,zoom_out,300,16
cfg_00010_zoom_out_a17.png,0,0,0,1,0,00010,0,zoom_out,300,17
cfg_00010_zoom_out_a18.png,0,0,0,1,0,00010,0,zoom_out,300,18
cfg_00010_zoom_out_a19.png,0,0,0,1,0,00010,0,zoom_out,300,19
cfg_00010_zoom_out_a20.png,0,0,0,1,0,00010,0,zoom_out,300,20
cfg_00010_zoom_out_a21.png,0,0,0,1,0,00010,0,zoom_out,300,21
cfg_00010_zoom_out_a22.png,0,0,0,1,0,00010,0,zoom_out,300,22
cfg_00010_zoom_out_a23.png,0,0,0,1,0,00010,0,zoom_out,300,23
cfg_00010_normal_a00.png,0,0,0,1,0,00010,1,normal,0,0
cfg_00010_normal_a01.png,0,0,0,1,0,00010,1,normal,0,1
cfg_00010_normal_a02.png,0,0,0,1,0,00010,1,normal,0,2
cfg_00010_normal_a03.png,0,0,0,1,0,00010,1,normal,0,3
cfg_00010_normal_a04.png,0,0,0,1,0,00010,1,normal,0,4
cfg_00010_normal_a05.png,0,0,0,1,0,00010,1,normal,0,5
cfg_00010_normal_a06.png,0,0,0,1,0,00010,1,normal,0,6
cfg_00010_normal_a07.png,0,0,0,1,0,00010,1,normal,0,7
cfg_00010_normal_a08.png,0,0,0,1,0,00010,1,normal,0,8
cfg_00010_normal_a09.png,0,0,0,1,0,00010,1,normal,0,9
cfg_00010_normal_a10.png,0,0,0,1,0,00010,1,normal,0,10
cfg_00010_normal_a11.png,0,0,0,1,0,00010,1,normal,0,11
cfg_00010_normal_a12.png,0,0,0,1,0,00010,1,normal,0,12
cfg_00010_normal_a13.png,0,0,0,1,0,00010,1,normal,0,13
cfg_00010_normal_a14.png,0,0,0,1,0,00010,1,normal,0,14
cfg_00010_normal_a15.png,0,0,0,1,0,00010,1,normal,0,15
cfg_00010_normal_a16.png,0,0,0,1,0,00010,1,normal,0,16
cfg_00010_normal_a17.png,0,0,0,1,0,00010,1,normal,0,17
cfg_00010_normal_a18.png,0,0,0,1,0,00010,1,normal,0,18
cfg_00010_normal_a19.png,0,0,0,1,0,00010,1,normal,0,19
cfg_00010_normal_a20.png,0,0,0,1,0,00010,1,normal,0,20
cfg_00010_normal_a21.png,0,0,0,1,0,00010,1,normal,0,21
cfg_00010_normal_a22.png,0,0,0,1,0,00010,1,normal,0,22
cfg_00010_normal_a23.png,0,0,0,1,0,00010,1,normal,0,23
cfg_00010_zoom_in_a00.png,0,0,0,1,0,00010,2,zoom_in,-300,0
cfg_00010_zoom_in_a01.png,0,0,0,1,0,00010,2,zoom_in,-300,1
cfg_00010_zoom_in_a02.png,0,0,0,1,0,00010,2,zoom_in,-300,2
cfg_00010_zoom_in_a03.png,0,0,0,1,0,00010,2,zoom_in,-300,3
cfg_00010_zoom_in_a04.png,0,0,0,1,0,00010,2,zoom_in,-300,4
cfg_00010_zoom_in_a05.png,0,0,0,1,0,00010,2,zoom_in,-300,5
cfg_00010_zoom_in_a06.png,0,0,0,1,0,00010,2,zoom_in,-300,6
cfg_00010_zoom_in_a07.png,0,0,0,1,0,00010,2,zoom_in,-300,7
cfg_00010_zoom_in_a08.png,0,0,0,1,0,00010,2,zoom_in,-300,8
cfg_00010_zoom_in_a09.png,0,0,0,1,0,00010,2,zoom_in,-300,9
cfg_00010_zoom_in_a10.png,0,0,0,1,0,00010,2,zoom_in,-300,10
cfg_00010_zoom_in_a11.png,0,0,0,1,0,00010,2,zoom_in,-300,11
cfg_00010_zoom_in_a12.png,0,0,0,1,0,00010,2,zoom_in,-300,12
cfg_00010_zoom_in_a13.png,0,0,0,1,0,00010,2,zoom_in,-300,13
cfg_00010_zoom_in_a14.png,0,0,0,1,0,00010,2,zoom_in,-300,14
cfg_00010_zoom_in_a15.png,0,0,0,1,0,00010,2,zoom_in,-300,15
cfg_00010_zoom_in_a16.png,0,0,0,1,0,00010,2,zoom_in,-300,16
cfg_00010_zoom_in_a17.png,0,0,0,1,0,00010,2,zoom_in,-300,17
cfg_00010_zoom_in_a18.png,0,0,0,1,0,00010,2,zoom_in,-300,18
cfg_00010_zoom_in_a19.png,0,0,0,1,0,00010,2,zoom_in,-300,19
cfg_00010_zoom_in_a20.png,0,0,0,1,0,00010,2,zoom_in,-300,20
cfg_00010_zoom_in_a21.png,0,0,0,1,0,00010,2,zoom_in,-300,21
cfg_00010_zoom_in_a22.png,0,0,0,1,0,00010,2,zoom_in,-300,22
cfg_00010_zoom_in_a23.png,0,0,0,1,0,00010,2,zoom_in,-300,23
cfg_00011_zoom_out_a00.png,0,0,0,1,1,00011,0,zoom_out,300,0
cfg_00011_zoom_out_a01.png,0,0,0,1,1,00011,0,zoom_out,300,1
cfg_00011_zoom_out_a02.png,0,0,0,1,1,00011,0,zoom_out,300,2
cfg_00011_zoom_out_a03.png,0,0,0,1,1,00011,0,zoom_out,300,3
cfg_00011_zoom_out_a04.png,0,0,0,1,1,00011,0,zoom_out,300,4
cfg_00011_zoom_out_a05.png,0,0,0,1,1,00011,0,zoom_out,300,5
cfg_00011_zoom_out_a06.png,0,0,0,1,1,00011,0,zoom_out,300,6
cfg_00011_zoom_out_a07.png,0,0,0,1,1,00011,0,zoom_out,300,7
cfg_00011_zoom_out_a08.png,0,0,0,1,1,00011,0,zoom_out,300,8
cfg_00011_zoom_out_a09.png,0,0,0,1,1,00011,0,zoom_out,300,9
cfg_00011_zoom_out_a10.png,0,0,0,1,1,00011,0,zoom_out,300,10
cfg_00011_zoom_out_a11.png,0,0,0,1,1,00011,0,zoom_out,300,11
cfg_00011_zoom_out_a12.png,0,0,0,1,1,00011,0,zoom_out,300,12
cfg_00011_zoom_out_a13.png,0,0,0,1,1,00011,0,zoom_out,300,13
cfg_00011_zoom_out_a14.png,0,0,0,1,1,00011,0,zoom_out,300,14
cfg_00011_zoom_out_a15.png,0,0,0,1,1,00011,0,zoom_out,300,15
cfg_00011_zoom_out_a16.png,0,0,0,1,1,00011,0,zoom_out,300,16
cfg_00011_zoom_out_a17.png,0,0,0,1,1,00011,0,zoom_out,300,17
cfg_00011_zoom_out_a18.png,0,0,0,1,1,00011,0,zoom_out,300,18
cfg_00011_zoom_out_a19.png,0,0,0,1,1,00011,0,zoom_out,300,19
cfg_00011_zoom_out_a20.png,0,0,0,1,1,00011,0,zoom_out,300,20
cfg_00011_zoom_out_a21.png,0,0,0,1,1,00011,0,zoom_out,300,21
cfg_00011_zoom_out_a22.png,0,0,0,1,1,00011,0,zoom_out,300,22
cfg_00011_zoom_out_a23.png,0,0,0,1,1,00011,0,zoom_out,300,23
cfg_00011_normal_a00.png,0,0,0,1,1,00011,1,normal,0,0
cfg_00011_normal_a01.png,0,0,0,1,1,00011,1,normal,0,1
cfg_00011_normal_a02.png,0,0,0,1,1,00011,1,normal,0,2
cfg_00011_normal_a03.png,0,0,0,1,1,00011,1,normal,0,3
cfg_00011_normal_a04.png,0,0,0,1,1,00011,1,normal,0,4
cfg_00011_normal_a05.png,0,0,0,1,1,00011,1,normal,0,5
cfg_00011_normal_a06.png,0,0,0,1,1,00011,1,normal,0,6
cfg_00011_normal_a07.png,0,0,0,1,1,00011,1,normal,0,7
cfg_00011_normal_a08.png,0,0,0,1,1,00011,1,normal,0,8
cfg_00011_normal_a09.png,0,0,0,1,1,00011,1,normal,0,9
cfg_00011_normal_a10.png,0,0,0,1,1,00011,1,normal,0,10
cfg_00011_normal_a11.png,0,0,0,1,1,00011,1,normal,0,11
cfg_00011_normal_a12.png,0,0,0,1,1,00011,1,normal,0,12
cfg_00011_normal_a13.png,0,0,0,1,1,00011,1,normal,0,13
cfg_00011_normal_a14.png,0,0,0,1,1,00011,1,normal,0,14
cfg_00011_normal_a15.png,0,0,0,1,1,00011,1,normal,0,15
cfg_00011_normal_a16.png,0,0,0,1,1,00011,1,normal,0,16
cfg_00011_normal_a17.png,0,0,0,1,1,00011,1,normal,0,17
cfg_00011_normal_a18.png,0,0,0,1,1,00011,1,normal,0,18
cfg_00011_normal_a19.png,0,0,0,1,1,00011,1,normal,0,19
cfg_00011_normal_a20.png,0,0,0,1,1,00011,1,normal,0,20
cfg_00011_normal_a21.png,0,0,0,1,1,00011,1,normal,0,21
cfg_00011_normal_a22.png,0,0,0,1,1,00011,1,normal,0,22
cfg_00011_normal_a23.png,0,0,0,1,1,00011,1,normal,0,23
cfg_00011_zoom_in_a00.png,0,0,0,1,1,00011,2,zoom_in,-300,0
cfg_00011_zoom_in_a01.png,0,0,0,1,1,00011,2,zoom_in,-300,1
cfg_00011_zoom_in_a02.png,0,0,0,1,1,00011,2,zoom_in,-300,2
cfg_00011_zoom_in_a03.png,0,0,0,1,1,00011,2,zoom_in,-300,3
cfg_00011_zoom_in_a04.png,0,0,0,1,1,00011,2,zoom_in,-300,4
cfg_00011_zoom_in_a05.png,0,0,0,1,1,00011,2,zoom_in,-300,5
cfg_00011_zoom_in_a06.png,0,0,0,1,1,00011,2,zoom_in,-300,6
cfg_00011_zoom_in_a07.png,0,0,0,1,1,00011,2,zoom_in,-300,7
cfg_00011_zoom_in_a08.png,0,0,0,1,1,00011,2,zoom_in,-300,8
cfg_00011_zoom_in_a09.png,0,0,0,1,1,00011,2,zoom_in,-300,9
cfg_00011_zoom_in_a10.png,0,0,0,1,1,00011,2,zoom_in,-300,10
cfg_00011_zoom_in_a11.png,0,0,0,1,1,00011,2,zoom_in,-300,11
cfg_00011_zoom_in_a12.png,0,0,0,1,1,00011,2,zoom_in,-300,12
cfg_00011_zoom_in_a13.png,0,0,0,1,1,00011,2,zoom_in,-300,13
cfg_00011_zoom_in_a14.png,0,0,0,1,1,00011,2,zoom_in,-300,14
cfg_00011_zoom_in_a15.png,0,0,0,1,1,00011,2,zoom_in,-300,15
cfg_00011_zoom_in_a16.png,0,0,0,1,1,00011,2,zoom_in,-300,16
cfg_00011_zoom_in_a17.png,0,0,0,1,1,00011,2,zoom_in,-300,17
cfg_00011_zoom_in_a18.png,0,0,0,1,1,00011,2,zoom_in,-300,18
cfg_00011_zoom_in_a19.png,0,0,0,1,1,00011,2,zoom_in,-300,19
cfg_00011_zoom_in_a20.png,0,0,0,1,1,00011,2,zoom_in,-300,20
cfg_00011_zoom_in_a21.png,0,0,0,1,1,00011,2,zoom_in,-300,21
cfg_00011_zoom_in_a22.png,0,0,0,1,1,00011,2,zoom_in,-300,22
cfg_00011_zoom_in_a23.png,0,0,0,1,1,00011,2,zoom_in,-300,23
cfg_00100_zoom_out_a00.png,0,0,1,0,0,00100,0,zoom_out,300,0
cfg_00100_zoom_out_a01.png,0,0,1,0,0,00100,0,zoom_out,300,1
cfg_00100_zoom_out_a02.png,0,0,1,0,0,00100,0,zoom_out,300,2
cfg_00100_zoom_out_a03.png,0,0,1,0,0,00100,0,zoom_out,300,3
cfg_00100_zoom_out_a04.png,0,0,1,0,0,00100,0,zoom_out,300,4
cfg_00100_zoom_out_a05.png,0,0,1,0,0,00100,0,zoom_out,300,5
cfg_00100_zoom_out_a06.png,0,0,1,0,0,00100,0,zoom_out,300,6
cfg_00100_zoom_out_a07.png,0,0,1,0,0,00100,0,zoom_out,300,7
cfg_00100_zoom_out_a08.png,0,0,1,0,0,00100,0,zoom_out,300,8
cfg_00100_zoom_out_a09.png,0,0,1,0,0,00100,0,zoom_out,300,9
cfg_00100_zoom_out_a10.png,0,0,1,0,0,00100,0,zoom_out,300,10
cfg_00100_zoom_out_a11.png,0,0,1,0,0,00100,0,zoom_out,300,11
cfg_00100_zoom_out_a12.png,0,0,1,0,0,00100,0,zoom_out,300,12
cfg_00100_zoom_out_a13.png,0,0,1,0,0,00100,0,zoom_out,300,13
cfg_00100_zoom_out_a14.png,0,0,1,0,0,00100,0,zoom_out,300,14
cfg_00100_zoom_out_a15.png,0,0,1,0,0,00100,0,zoom_out,300,15
cfg_00100_zoom_out_a16.png,0,0,1,0,0,00100,0,zoom_out,300,16
cfg_00100_zoom_out_a17.png,0,0,1,0,0,00100,0,zoom_out,300,17
cfg_00100_zoom_out_a18.png,0,0,1,0,0,00100,0,zoom_out,300,18
cfg_00100_zoom_out_a19.png,0,0,1,0,0,00100,0,zoom_out,300,19
cfg_00100_zoom_out_a20.png,0,0,1,0,0,00100,0,zoom_out,300,20
cfg_00100_zoom_out_a21.png,0,0,1,0,0,00100,0,zoom_out,300,21
cfg_00100_zoom_out_a22.png,0,0,1,0,0,00100,0,zoom_out,300,22
cfg_00100_zoom_out_a23.png,0,0,1,0,0,00100,0,zoom_out,300,23
cfg_00100_normal_a00.png,0,0,1,0,0,00100,1,normal,0,0
cfg_00100_normal_a01.png,0,0,1,0,0,00100,1,normal,0,1
cfg_00100_normal_a02.png,0,0,1,0,0,00100,1,normal,0,2
cfg_00100_normal_a03.png,0,0,1,0,0,00100,1,normal,0,3
cfg_00100_normal_a04.png,0,0,1,0,0,00100,1,normal,0,4
cfg_00100_normal_a05.png,0,0,1,0,0,00100,1,normal,0,5
cfg_00100_normal_a06.png,0,0,1,0,0,00100,1,normal,0,6
cfg_00100_normal_a07.png,0,0,1,0,0,00100,1,normal,0,7
cfg_00100_normal_a08.png,0,0,1,0,0,00100,1,normal,0,8
cfg_00100_normal_a09.png,0,0,1,0,0,00100,1,normal,0,9
cfg_00100_normal_a10.png,0,0,1,0,0,00100,1,normal,0,10
cfg_00100_normal_a11.png,0,0,1,0,0,00100,1,normal,0,11
cfg_00100_normal_a12.png,0,0,1,0,0,00100,1,normal,0,12
cfg_00100_normal_a13.png,0,0,1,0,0,00100,1,normal,0,13
cfg_00100_normal_a14.png,0,0,1,0,0,00100,1,normal,0,14
cfg_00100_normal_a15.png,0,0,1,0,0,00100,1,normal,0,15
cfg_00100_normal_a16.png,0,0,1,0,0,00100,1,normal,0,16
cfg_00100_normal_a17.png,0,0,1,0,0,00100,1,normal,0,17
cfg_00100_normal_a18.png,0,0,1,0,0,00100,1,normal,0,18
cfg_00100_normal_a19.png,0,0,1,0,0,00100,1,normal,0,19
cfg_00100_normal_a20.png,0,0,1,0,0,00100,1,normal,0,20
cfg_00100_normal_a21.png,0,0,1,0,0,00100,1,normal,0,21
cfg_00100_normal_a22.png,0,0,1,0,0,00100,1,normal,0,22
cfg_00100_normal_a23.png,0,0,1,0,0,00100,1,normal,0,23
cfg_00100_zoom_in_a00.png,0,0,1,0,0,00100,2,zoom_in,-300,0
cfg_00100_zoom_in_a01.png,0,0,1,0,0,00100,2,zoom_in,-300,1
cfg_00100_zoom_in_a02.png,0,0,1,0,0,00100,2,zoom_in,-300,2
cfg_00100_zoom_in_a03.png,0,0,1,0,0,00100,2,zoom_in,-300,3
cfg_00100_zoom_in_a04.png,0,0,1,0,0,00100,2,zoom_in,-300,4
cfg_00100_zoom_in_a05.png,0,0,1,0,0,00100,2,zoom_in,-300,5
cfg_00100_zoom_in_a06.png,0,0,1,0,0,00100,2,zoom_in,-300,6
cfg_00100_zoom_in_a07.png,0,0,1,0,0,00100,2,zoom_in,-300,7
cfg_00100_zoom_in_a08.png,0,0,1,0,0,00100,2,zoom_in,-300,8
cfg_00100_zoom_in_a09.png,0,0,1,0,0,00100,2,zoom_in,-300,9
cfg_00100_zoom_in_a10.png,0,0,1,0,0,00100,2,zoom_in,-300,10
cfg_00100_zoom_in_a11.png,0,0,1,0,0,00100,2,zoom_in,-300,11
cfg_00100_zoom_in_a12.png,0,0,1,0,0,00100,2,zoom_in,-300,12
cfg_00100_zoom_in_a13.png,0,0,1,0,0,00100,2,zoom_in,-300,13
cfg_00100_zoom_in_a14.png,0,0,1,0,0,00100,2,zoom_in,-300,14
cfg_00100_zoom_in_a15.png,0,0,1,0,0,00100,2,zoom_in,-300,15
cfg_00100_zoom_in_a16.png,0,0,1,0,0,00100,2,zoom_in,-300,16
cfg_00100_zoom_in_a17.png,0,0,1,0,0,00100,2,zoom_in,-300,17
cfg_00100_zoom_in_a18.png,0,0,1,0,0,00100,2,zoom_in,-300,18
cfg_00100_zoom_in_a19.png,0,0,1,0,0,00100,2,zoom_in,-300,19
cfg_00100_zoom_in_a20.png,0,0,1,0,0,00100,2,zoom_in,-300,20
cfg_00100_zoom_in_a21.png,0,0,1,0,0,00100,2,zoom_in,-300,21
cfg_00100_zoom_in_a22.png,0,0,1,0,0,00100,2,zoom_in,-300,22
cfg_00100_zoom_in_a23.png,0,0,1,0,0,00100,2,zoom_in,-300,23
cfg_00101_zoom_out_a00.png,0,0,1,0,1,00101,0,zoom_out,300,0
cfg_00101_zoom_out_a01.png,0,0,1,0,1,00101,0,zoom_out,300,1
cfg_00101_zoom_out_a02.png,0,0,1,0,1,00101,0,zoom_out,300,2
cfg_00101_zoom_out_a03.png,0,0,1,0,1,00101,0,zoom_out,300,3
cfg_00101_zoom_out_a04.png,0,0,1,0,1,00101,0,zoom_out,300,4
cfg_00101_zoom_out_a05.png,0,0,1,0,1,00101,0,zoom_out,300,5
cfg_00101_zoom_out_a06.png,0,0,1,0,1,00101,0,zoom_out,300,6
cfg_00101_zoom_out_a07.png,0,0,1,0,1,00101,0,zoom_out,300,7
cfg_00101_zoom_out_a08.png,0,0,1,0,1,00101,0,zoom_out,300,8
cfg_00101_zoom_out_a09.png,0,0,1,0,1,00101,0,zoom_out,300,9
cfg_00101_zoom_out_a10.png,0,0,1,0,1,00101,0,zoom_out,300,10
cfg_00101_zoom_out_a11.png,0,0,1,0,1,00101,0,zoom_out,300,11
cfg_00101_zoom_out_a12.png,0,0,1,0,1,00101,0,zoom_out,300,12
cfg_00101_zoom_out_a13.png,0,0,1,0,1,00101,0,zoom_out,300,13
cfg_00101_zoom_out_a14.png,0,0,1,0,1,00101,0,zoom_out,300,14
cfg_00101_zoom_out_a15.png,0,0,1,0,1,00101,0,zoom_out,300,15
cfg_00101_zoom_out_a16.png,0,0,1,0,1,00101,0,zoom_out,300,16
cfg_00101_zoom_out_a17.png,0,0,1,0,1,00101,0,zoom_out,300,17
cfg_00101_zoom_out_a18.png,0,0,1,0,1,00101,0,zoom_out,300,18
cfg_00101_zoom_out_a19.png,0,0,1,0,1,00101,0,zoom_out,300,19
cfg_00101_zoom_out_a20.png,0,0,1,0,1,00101,0,zoom_out,300,20
cfg_00101_zoom_out_a21.png,0,0,1,0,1,00101,0,zoom_out,300,21
cfg_00101_zoom_out_a22.png,0,0,1,0,1,00101,0,zoom_out,300,22
cfg_00101_zoom_out_a23.png,0,0,1,0,1,00101,0,zoom_out,300,23
cfg_00101_normal_a00.png,0,0,1,0,1,00101,1,normal,0,0
cfg_00101_normal_a01.png,0,0,1,0,1,00101,1,normal,0,1
cfg_00101_normal_a02.png,0,0,1,0,1,00101,1,normal,0,2
cfg_00101_normal_a03.png,0,0,1,0,1,00101,1,normal,0,3
cfg_00101_normal_a04.png,0,0,1,0,1,00101,1,normal,0,4
cfg_00101_normal_a05.png,0,0,1,0,1,00101,1,normal,0,5
cfg_00101_normal_a06.png,0,0,1,0,1,00101,1,normal,0,6
cfg_00101_normal_a07.png,0,0,1,0,1,00101,1,normal,0,7
cfg_00101_normal_a08.png,0,0,1,0,1,00101,1,normal,0,8
cfg_00101_normal_a09.png,0,0,1,0,1,00101,1,normal,0,9
cfg_00101_normal_a10.png,0,0,1,0,1,00101,1,normal,0,10
cfg_00101_normal_a11.png,0,0,1,0,1,00101,1,normal,0,11
cfg_00101_normal_a12.png,0,0,1,0,1,00101,1,normal,0,12
cfg_00101_normal_a13.png,0,0,1,0,1,00101,1,normal,0,13
cfg_00101_normal_a14.png,0,0,1,0,1,00101,1,normal,0,14
cfg_00101_normal_a15.png,0,0,1,0,1,00101,1,normal,0,15
cfg_00101_normal_a16.png,0,0,1,0,1,00101,1,normal,0,16
cfg_00101_normal_a17.png,0,0,1,0,1,00101,1,normal,0,17
cfg_00101_normal_a18.png,0,0,1,0,1,00101,1,normal,0,18
cfg_00101_normal_a19.png,0,0,1,0,1,00101,1,normal,0,19
cfg_00101_normal_a20.png,0,0,1,0,1,00101,1,normal,0,20
cfg_00101_normal_a21.png,0,0,1,0,1,00101,1,normal,0,21
cfg_00101_normal_a22.png,0,0,1,0,1,00101,1,normal,0,22
cfg_00101_normal_a23.png,0,0,1,0,1,00101,1,normal,0,23
cfg_00101_zoom_in_a00.png,0,0,1,0,1,00101,2,zoom_in,-300,0
cfg_00101_zoom_in_a01.png,0,0,1,0,1,00101,2,zoom_in,-300,1
cfg_00101_zoom_in_a02.png,0,0,1,0,1,00101,2,zoom_in,-300,2
cfg_00101_zoom_in_a03.png,0,0,1,0,1,00101,2,zoom_in,-300,3
cfg_00101_zoom_in_a04.png,0,0,1,0,1,00101,2,zoom_in,-300,4
cfg_00101_zoom_in_a05.png,0,0,1,0,1,00101,2,zoom_in,-300,5
cfg_00101_zoom_in_a06.png,0,0,1,0,1,00101,2,zoom_in,-300,6
cfg_00101_zoom_in_a07.png,0,0,1,0,1,00101,2,zoom_in,-300,7
cfg_00101_zoom_in_a08.png,0,0,1,0,1,00101,2,zoom_in,-300,8
cfg_00101_zoom_in_a09.png,0,0,1,0,1,00101,2,zoom_in,-300,9
cfg_00101_zoom_in_a10.png,0,0,1,0,1,00101,2,zoom_in,-300,10
cfg_00101_zoom_in_a11.png,0,0,1,0,1,00101,2,zoom_in,-300,11
cfg_00101_zoom_in_a12.png,0,0,1,0,1,00101,2,zoom_in,-300,12
cfg_00101_zoom_in_a13.png,0,0,1,0,1,00101,2,zoom_in,-300,13
cfg_00101_zoom_in_a14.png,0,0,1,0,1,00101,2,zoom_in,-300,14
cfg_00101_zoom_in_a15.png,0,0,1,0,1,00101,2,zoom_in,-300,15
cfg_00101_zoom_in_a16.png,0,0,1,0,1,00101,2,zoom_in,-300,16
cfg_00101_zoom_in_a17.png,0,0,1,0,1,00101,2,zoom_in,-300,17
cfg_00101_zoom_in_a18.png,0,0,1,0,1,00101,2,zoom_in,-300,18
cfg_00101_zoom_in_a19.png,0,0,1,0,1,00101,2,zoom_in,-300,19
cfg_00101_zoom_in_a20.png,0,0,1,0,1,00101,2,zoom_in,-300,20
cfg_00101_zoom_in_a21.png,0,0,1,0,1,00101,2,zoom_in,-300,21
cfg_00101_zoom_in_a22.png,0,0,1,0,1,00101,2,zoom_in,-300,22
cfg_00101_zoom_in_a23.png,0,0,1,0,1,00101,2,zoom_in,-300,23
cfg_00110_zoom_out_a00.png,0,0,1,1,0,00110,0,zoom_out,300,0
cfg_00110_zoom_out_a01.png,0,0,1,1,0,00110,0,zoom_out,300,1
cfg_00110_zoom_out_a02.png,0,0,1,1,0,00110,0,zoom_out,300,2
cfg_00110_zoom_out_a03.png,0,0,1,1,0,00110,0,zoom_out,300,3
cfg_00110_zoom_out_a04.png,0,0,1,1,0,00110,0,zoom_out,300,4
cfg_00110_zoom_out_a05.png,0,0,1,1,0,00110,0,zoom_out,300,5
cfg_00110_zoom_out_a06.png,0,0,1,1,0,00110,0,zoom_out,300,6
cfg_00110_zoom_out_a07.png,0,0,1,1,0,00110,0,zoom_out,300,7
cfg_00110_zoom_out_a08.png,0,0,1,1,0,00110,0,zoom_out,300,8
cfg_00110_zoom_out_a09.png,0,0,1,1,0,00110,0,zoom_out,300,9
cfg_00110_zoom_out_a10.png,0,0,1,1,0,00110,0,zoom_out,300,10
cfg_00110_zoom_out_a11.png,0,0,1,1,0,00110,0,zoom_out,300,11
cfg_00110_zoom_out_a12.png,0,0,1,1,0,00110,0,zoom_out,300,12
cfg_00110_zoom_out_a13.png,0,0,1,1,0,00110,0,zoom_out,300,13
cfg_00110_zoom_out_a14.png,0,0,1,1,0,00110,0,zoom_out,300,14
cfg_00110_zoom_out_a15.png,0,0,1,1,0,00110,0,zoom_out,300,15
cfg_00110_zoom_out_a16.png,0,0,1,1,0,00110,0,zoom_out,300,16
cfg_00110_zoom_out_a17.png,0,0,1,1,0,00110,0,zoom_out,300,17
cfg_00110_zoom_out_a18.png,0,0,1,1,0,00110,0,zoom_out,300,18
cfg_00110_zoom_out_a19.png,0,0,1,1,0,00110,0,zoom_out,300,19
cfg_00110_zoom_out_a20.png,0,0,1,1,0,00110,0,zoom_out,300,20
cfg_00110_zoom_out_a21.png,0,0,1,1,0,00110,0,zoom_out,300,21
cfg_00110_zoom_out_a22.png,0,0,1,1,0,00110,0,zoom_out,300,22
cfg_00110_zoom_out_a23.png,0,0,1,1,0,00110,0,zoom_out,300,23
cfg_00110_normal_a00.png,0,0,1,1,0,00110,1,normal,0,0
cfg_00110_normal_a01.png,0,0,1,1,0,00110,1,normal,0,1
cfg_00110_normal_a02.png,0,0,1,1,0,00110,1,normal,0,2
cfg_00110_normal_a03.png,0,0,1,1,0,00110,1,normal,0,3
cfg_00110_normal_a04.png,0,0,1,1,0,00110,1,normal,0,4
cfg_00110_normal_a05.png,0,0,1,1,0,00110,1,normal,0,5
cfg_00110_normal_a06.png,0,0,1,1,0,00110,1,normal,0,6
cfg_00110_normal_a07.png,0,0,1,1,0,00110,1,normal,0,7
cfg_00110_normal_a08.png,0,0,1,1,0,00110,1,normal,0,8
cfg_00110_normal_a09.png,0,0,1,1,0,00110,1,normal,0,9
cfg_00110_normal_a10.png,0,0,1,1,0,00110,1,normal,0,10
cfg_00110_normal_a11.png,0,0,1,1,0,00110,1,normal,0,11
cfg_00110_normal_a12.png,0,0,1,1,0,00110,1,normal,0,12
cfg_00110_normal_a13.png,0,0,1,1,0,00110,1,normal,0,13
cfg_00110_normal_a14.png,0,0,1,1,0,00110,1,normal,0,14
cfg_00110_normal_a15.png,0,0,1,1,0,00110,1,normal,0,15
cfg_00110_normal_a16.png,0,0,1,1,0,00110,1,normal,0,16
cfg_00110_normal_a17.png,0,0,1,1,0,00110,1,normal,0,17
cfg_00110_normal_a18.png,0,0,1,1,0,00110,1,normal,0,18
cfg_00110_normal_a19.png,0,0,1,1,0,00110,1,normal,0,19
cfg_00110_normal_a20.png,0,0,1,1,0,00110,1,normal,0,20
cfg_00110_normal_a21.png,0,0,1,1,0,00110,1,normal,0,21
cfg_00110_normal_a22.png,0,0,1,1,0,00110,1,normal,0,22
cfg_00110_normal_a23.png,0,0,1,1,0,00110,1,normal,0,23
cfg_00110_zoom_in_a00.png,0,0,1,1,0,00110,2,zoom_in,-300,0
cfg_00110_zoom_in_a01.png,0,0,1,1,0,00110,2,zoom_in,-300,1
cfg_00110_zoom_in_a02.png,0,0,1,1,0,00110,2,zoom_in,-300,2
cfg_00110_zoom_in_a03.png,0,0,1,1,0,00110,2,zoom_in,-300,3
cfg_00110_zoom_in_a04.png,0,0,1,1,0,00110,2,zoom_in,-300,4
cfg_00110_zoom_in_a05.png,0,0,1,1,0,00110,2,zoom_in,-300,5
cfg_00110_zoom_in_a06.png,0,0,1,1,0,00110,2,zoom_in,-300,6
cfg_00110_zoom_in_a07.png,0,0,1,1,0,00110,2,zoom_in,-300,7
cfg_00110_zoom_in_a08.png,0,0,1,1,0,00110,2,zoom_in,-300,8
cfg_00110_zoom_in_a09.png,0,0,1,1,0,00110,2,zoom_in,-300,9
cfg_00110_zoom_in_a10.png,0,0,1,1,0,00110,2,zoom_in,-300,10
cfg_00110_zoom_in_a11.png,0,0,1,1,0,00110,2,zoom_in,-300,11
cfg_00110_zoom_in_a12.png,0,0,1,1,0,00110,2,zoom_in,-300,12
cfg_00110_zoom_in_a13.png,0,0,1,1,0,00110,2,zoom_in,-300,13
cfg_00110_zoom_in_a14.png,0,0,1,1,0,00110,2,zoom_in,-300,14
cfg_00110_zoom_in_a15.png,0,0,1,1,0,00110,2,zoom_in,-300,15
cfg_00110_zoom_in_a16.png,0,0,1,1,0,00110,2,zoom_in,-300,16
cfg_00110_zoom_in_a17.png,0,0,1,1,0,00110,2,zoom_in,-300,17
cfg_00110_zoom_in_a18.png,0,0,1,1,0,00110,2,zoom_in,-300,18
cfg_00110_zoom_in_a19.png,0,0,1,1,0,00110,2,zoom_in,-300,19
cfg_00110_zoom_in_a20.png,0,0,1,1,0,00110,2,zoom_in,-300,20
cfg_00110_zoom_in_a21.png,0,0,1,1,0,00110,2,zoom_in,-300,21
cfg_00110_zoom_in_a22.png,0,0,1,1,0,00110,2,zoom_in,-300,22
cfg_00110_zoom_in_a23.png,0,0,1,1,0,00110,2,zoom_in,-300,23
cfg_00111_zoom_out_a00.png,0,0,1,1,1,00111,0,zoom_out,300,0
cfg_00111_zoom_out_a01.png,0,0,1,1,1,00111,0,zoom_out,300,1
cfg_00111_zoom_out_a02.png,0,0,1,1,1,00111,0,zoom_out,300,2
cfg_00111_zoom_out_a03.png,0,0,1,1,1,00111,0,zoom_out,300,3
cfg_00111_zoom_out_a04.png,0,0,1,1,1,00111,0,zoom_out,300,4
cfg_00111_zoom_out_a05.png,0,0,1,1,1,00111,0,zoom_out,300,5
cfg_00111_zoom_out_a06.png,0,0,1,1,1,00111,0,zoom_out,300,6
cfg_00111_zoom_out_a07.png,0,0,1,1,1,00111,0,zoom_out,300,7
cfg_00111_zoom_out_a08.png,0,0,1,1,1,00111,0,zoom_out,300,8
cfg_00111_zoom_out_a09.png,0,0,1,1,1,00111,0,zoom_out,300,9
cfg_00111_zoom_out_a10.png,0,0,1,1,1,00111,0,zoom_out,300,10
cfg_00111_zoom_out_a11.png,0,0,1,1,1,00111,0,zoom_out,300,11
cfg_00111_zoom_out_a12.png,0,0,1,1,1,00111,0,zoom_out,300,12
cfg_00111_zoom_out_a13.png,0,0,1,1,1,00111,0,zoom_out,300,13
cfg_00111_zoom_out_a14.png,0,0,1,1,1,00111,0,zoom_out,300,14
cfg_00111_zoom_out_a15.png,0,0,1,1,1,00111,0,zoom_out,300,15
cfg_00111_zoom_out_a16.png,0,0,1,1,1,00111,0,zoom_out,300,16
cfg_00111_zoom_out_a17.png,0,0,1,1,1,00111,0,zoom_out,300,17
cfg_00111_zoom_out_a18.png,0,0,1,1,1,00111,0,zoom_out,300,18
cfg_00111_zoom_out_a19.png,0,0,1,1,1,00111,0,zoom_out,300,19
cfg_00111_zoom_out_a20.png,0,0,1,1,1,00111,0,zoom_out,300,20
cfg_00111_zoom_out_a21.png,0,0,1,1,1,00111,0,zoom_out,300,21
cfg_00111_zoom_out_a22.png,0,0,1,1,1,00111,0,zoom_out,300,22
cfg_00111_zoom_out_a23.png,0,0,1,1,1,00111,0,zoom_out,300,23
cfg_00111_normal_a00.png,0,0,1,1,1,00111,1,normal,0,0
cfg_00111_normal_a01.png,0,0,1,1,1,00111,1,normal,0,1
cfg_00111_normal_a02.png,0,0,1,1,1,00111,1,normal,0,2
cfg_00111_normal_a03.png,0,0,1,1,1,00111,1,normal,0,3
cfg_00111_normal_a04.png,0,0,1,1,1,00111,1,normal,0,4
cfg_00111_normal_a05.png,0,0,1,1,1,00111,1,normal,0,5
cfg_00111_normal_a06.png,0,0,1,1,1,00111,1,normal,0,6
cfg_00111_normal_a07.png,0,0,1,1,1,00111,1,normal,0,7
cfg_00111_normal_a08.png,0,0,1,1,1,00111,1,normal,0,8
cfg_00111_normal_a09.png,0,0,1,1,1,00111,1,normal,0,9
cfg_00111_normal_a10.png,0,0,1,1,1,00111,1,normal,0,10
cfg_00111_normal_a11.png,0,0,1,1,1,00111,1,normal,0,11
cfg_00111_normal_a12.png,0,0,1,1,1,00111,1,normal,0,12
cfg_00111_normal_a13.png,0,0,1,1,1,00111,1,normal,0,13
cfg_00111_normal_a14.png,0,0,1,1,1,00111,1,normal,0,14
cfg_00111_normal_a15.png,0,0,1,1,1,00111,1,normal,0,15
cfg_00111_normal_a16.png,0,0,1,1,1,00111,1,normal,0,16
cfg_00111_normal_a17.png,0,0,1,1,1,00111,1,normal,0,17
cfg_00111_normal_a18.png,0,0,1,1,1,00111,1,normal,0,18
cfg_00111_normal_a19.png,0,0,1,1,1,00111,1,normal,0,19
cfg_00111_normal_a20.png,0,0,1,1,1,00111,1,normal,0,20
cfg_00111_normal_a21.png,0,0,1,1,1,00111,1,normal,0,21
cfg_00111_normal_a22.png,0,0,1,1,1,00111,1,normal,0,22
cfg_00111_normal_a23.png,0,0,1,1,1,00111,1,normal,0,23
cfg_00111_zoom_in_a00.png,0,0,1,1,1,00111,2,zoom_in,-300,0
cfg_00111_zoom_in_a01.png,0,0,1,1,1,00111,2,zoom_in,-300,1
cfg_00111_zoom_in_a02.png,0,0,1,1,1,00111,2,zoom_in,-300,2
cfg_00111_zoom_in_a03.png,0,0,1,1,1,00111,2,zoom_in,-300,3
cfg_00111_zoom_in_a04.png,0,0,1,1,1,00111,2,zoom_in,-300,4
cfg_00111_zoom_in_a05.png,0,0,1,1,1,00111,2,zoom_in,-300,5
cfg_00111_zoom_in_a06.png,0,0,1,1,1,00111,2,zoom_in,-300,6
cfg_00111_zoom_in_a07.png,0,0,1,1,1,00111,2,zoom_in,-300,7
cfg_00111_zoom_in_a08.png,0,0,1,1,1,00111,2,zoom_in,-300,8
cfg_00111_zoom_in_a09.png,0,0,1,1,1,00111,2,zoom_in,-300,9
cfg_00111_zoom_in_a10.png,0,0,1,1,1,00111,2,zoom_in,-300,10
cfg_00111_zoom_in_a11.png,0,0,1,1,1,00111,2,zoom_in,-300,11
cfg_00111_zoom_in_a12.png,0,0,1,1,1,00111,2,zoom_in,-300,12
cfg_00111_zoom_in_a13.png,0,0,1,1,1,00111,2,zoom_in,-300,13
cfg_00111_zoom_in_a14.png,0,0,1,1,1,00111,2,zoom_in,-300,14
cfg_00111_zoom_in_a15.png,0,0,1,1,1,00111,2,zoom_in,-300,15
cfg_00111_zoom_in_a16.png,0,0,1,1,1,00111,2,zoom_in,-300,16
cfg_00111_zoom_in_a17.png,0,0,1,1,1,00111,2,zoom_in,-300,17
cfg_00111_zoom_in_a18.png,0,0,1,1,1,00111,2,zoom_in,-300,18
cfg_00111_zoom_in_a19.png,0,0,1,1,1,00111,2,zoom_in,-300,19
cfg_00111_zoom_in_a20.png,0,0,1,1,1,00111,2,zoom_in,-300,20
cfg_00111_zoom_in_a21.png,0,0,1,1,1,00111,2,zoom_in,-300,21
cfg_00111_zoom_in_a22.png,0,0,1,1,1,00111,2,zoom_in,-300,22
cfg_00111_zoom_in_a23.png,0,0,1,1,1,00111,2,zoom_in,-300,23
cfg_01000_zoom_out_a00.png,0,1,0,0,0,01000,0,zoom_out,300,0
cfg_01000_zoom_out_a01.png,0,1,0,0,0,01000,0,zoom_out,300,1
cfg_01000_zoom_out_a02.png,0,1,0,0,0,01000,0,zoom_out,300,2
cfg_01000_zoom_out_a03.png,0,1,0,0,0,01000,0,zoom_out,300,3
cfg_01000_zoom_out_a04.png,0,1,0,0,0,01000,0,zoom_out,300,4
cfg_01000_zoom_out_a05.png,0,1,0,0,0,01000,0,zoom_out,300,5
cfg_01000_zoom_out_a06.png,0,1,0,0,0,01000,0,zoom_out,300,6
cfg_01000_zoom_out_a07.png,0,1,0,0,0,01000,0,zoom_out,300,7
cfg_01000_zoom_out_a08.png,0,1,0,0,0,01000,0,zoom_out,300,8
cfg_01000_zoom_out_a09.png,0,1,0,0,0,01000,0,zoom_out,300,9
cfg_01000_zoom_out_a10.png,0,1,0,0,0,01000,0,zoom_out,300,10
cfg_01000_zoom_out_a11.png,0,1,0,0,0,01000,0,zoom_out,300,11
cfg_01000_zoom_out_a12.png,0,1,0,0,0,01000,0,zoom_out,300,12
cfg_01000_zoom_out_a13.png,0,1,0,0,0,01000,0,zoom_out,300,13
cfg_01000_zoom_out_a14.png,0,1,0,0,0,01000,0,zoom_out,300,14
cfg_01000_zoom_out_a15.png,0,1,0,0,0,01000,0,zoom_out,300,15
cfg_01000_zoom_out_a16.png,0,1,0,0,0,01000,0,zoom_out,300,16
cfg_01000_zoom_out_a17.png,0,1,0,0,0,01000,0,zoom_out,300,17
cfg_01000_zoom_out_a18.png,0,1,0,0,0,01000,0,zoom_out,300,18
cfg_01000_zoom_out_a19.png,0,1,0,0,0,01000,0,zoom_out,300,19
cfg_01000_zoom_out_a20.png,0,1,0,0,0,01000,0,zoom_out,300,20
cfg_01000_zoom_out_a21.png,0,1,0,0,0,01000,0,zoom_out,300,21
cfg_01000_zoom_out_a22.png,0,1,0,0,0,01000,0,zoom_out,300,22
cfg_01000_zoom_out_a23.png,0,1,0,0,0,01000,0,zoom_out,300,23
cfg_01000_normal_a00.png,0,1,0,0,0,01000,1,normal,0,0
cfg_01000_normal_a01.png,0,1,0,0,0,01000,1,normal,0,1
cfg_01000_normal_a02.png,0,1,0,0,0,01000,1,normal,0,2
cfg_01000_normal_a03.png,0,1,0,0,0,01000,1,normal,0,3
cfg_01000_normal_a04.png,0,1,0,0,0,01000,1,normal,0,4
cfg_01000_normal_a05.png,0,1,0,0,0,01000,1,normal,0,5
cfg_01000_normal_a06.png,0,1,0,0,0,01000,1,normal,0,6
cfg_01000_normal_a07.png,0,1,0,0,0,01000,1,normal,0,7
cfg_01000_normal_a08.png,0,1,0,0,0,01000,1,normal,0,8
cfg_01000_normal_a09.png,0,1,0,0,0,01000,1,normal,0,9
cfg_01000_normal_a10.png,0,1,0,0,0,01000,1,normal,0,10
cfg_01000_normal_a11.png,0,1,0,0,0,01000,1,normal,0,11
cfg_01000_normal_a12.png,0,1,0,0,0,01000,1,normal,0,12
cfg_01000_normal_a13.png,0,1,0,0,0,01000,1,normal,0,13
cfg_01000_normal_a14.png,0,1,0,0,0,01000,1,normal,0,14
cfg_01000_normal_a15.png,0,1,0,0,0,01000,1,normal,0,15
cfg_01000_normal_a16.png,0,1,0,0,0,01000,1,normal,0,16
cfg_01000_normal_a17.png,0,1,0,0,0,01000,1,normal,0,17
cfg_01000_normal_a18.png,0,1,0,0,0,01000,1,normal,0,18
cfg_01000_normal_a19.png,0,1,0,0,0,01000,1,normal,0,19
cfg_01000_normal_a20.png,0,1,0,0,0,01000,1,normal,0,20
cfg_01000_normal_a21.png,0,1,0,0,0,01000,1,normal,0,21
cfg_01000_normal_a22.png,0,1,0,0,0,01000,1,normal,0,22
cfg_01000_normal_a23.png,0,1,0,0,0,01000,1,normal,0,23
cfg_01000_zoom_in_a00.png,0,1,0,0,0,01000,2,zoom_in,-300,0
cfg_01000_zoom_in_a01.png,0,1,0,0,0,01000,2,zoom_in,-300,1
cfg_01000_zoom_in_a02.png,0,1,0,0,0,01000,2,zoom_in,-300,2
cfg_01000_zoom_in_a03.png,0,1,0,0,0,01000,2,zoom_in,-300,3
cfg_01000_zoom_in_a04.png,0,1,0,0,0,01000,2,zoom_in,-300,4
cfg_01000_zoom_in_a05.png,0,1,0,0,0,01000,2,zoom_in,-300,5
cfg_01000_zoom_in_a06.png,0,1,0,0,0,01000,2,zoom_in,-300,6
cfg_01000_zoom_in_a07.png,0,1,0,0,0,01000,2,zoom_in,-300,7
cfg_01000_zoom_in_a08.png,0,1,0,0,0,01000,2,zoom_in,-300,8
cfg_01000_zoom_in_a09.png,0,1,0,0,0,01000,2,zoom_in,-300,9
cfg_01000_zoom_in_a10.png,0,1,0,0,0,01000,2,zoom_in,-300,10
cfg_01000_zoom_in_a11.png,0,1,0,0,0,01000,2,zoom_in,-300,11
cfg_01000_zoom_in_a12.png,0,1,0,0,0,01000,2,zoom_in,-300,12
cfg_01000_zoom_in_a13.png,0,1,0,0,0,01000,2,zoom_in,-300,13
cfg_01000_zoom_in_a14.png,0,1,0,0,0,01000,2,zoom_in,-300,14
cfg_01000_zoom_in_a15.png,0,1,0,0,0,01000,2,zoom_in,-300,15
cfg_01000_zoom_in_a16.png,0,1,0,0,0,01000,2,zoom_in,-300,16
cfg_01000_zoom_in_a17.png,0,1,0,0,0,01000,2,zoom_in,-300,17
cfg_01000_zoom_in_a18.png,0,1,0,0,0,01000,2,zoom_in,-300,18
cfg_01000_zoom_in_a19.png,0,1,0,0,0,01000,2,zoom_in,-300,19
cfg_01000_zoom_in_a20.png,0,1,0,0,0,01000,2,zoom_in,-300,20
cfg_01000_zoom_in_a21.png,0,1,0,0,0,01000,2,zoom_in,-300,21
cfg_01000_zoom_in_a22.png,0,1,0,0,0,01000,2,zoom_in,-300,22
cfg_01000_zoom_in_a23.png,0,1,0,0,0,01000,2,zoom_in,-300,23
cfg_01001_zoom_out_a00.png,0,1,0,0,1,01001,0,zoom_out,300,0
cfg_01001_zoom_out_a01.png,0,1,0,0,1,01001,0,zoom_out,300,1
cfg_01001_zoom_out_a02.png,0,1,0,0,1,01001,0,zoom_out,300,2
cfg_01001_zoom_out_a03.png,0,1,0,0,1,01001,0,zoom_out,300,3
cfg_01001_zoom_out_a04.png,0,1,0,0,1,01001,0,zoom_out,300,4
cfg_01001_zoom_out_a05.png,0,1,0,0,1,01001,0,zoom_out,300,5
cfg_01001_zoom_out_a06.png,0,1,0,0,1,01001,0,zoom_out,300,6
cfg_01001_zoom_out_a07.png,0,1,0,0,1,01001,0,zoom_out,300,7
cfg_01001_zoom_out_a08.png,0,1,0,0,1,01001,0,zoom_out,300,8
cfg_01001_zoom_out_a09.png,0,1,0,0,1,01001,0,zoom_out,300,9
cfg_01001_zoom_out_a10.png,0,1,0,0,1,01001,0,zoom_out,300,10
cfg_01001_zoom_out_a11.png,0,1,0,0,1,01001,0,zoom_out,300,11
cfg_01001_zoom_out_a12.png,0,1,0,0,1,01001,0,zoom_out,300,12
cfg_01001_zoom_out_a13.png,0,1,0,0,1,01001,0,zoom_out,300,13
cfg_01001_zoom_out_a14.png,0,1,0,0,1,01001,0,zoom_out,300,14
cfg_01001_zoom_out_a15.png,0,1,0,0,1,01001,0,zoom_out,300,15
cfg_01001_zoom_out_a16.png,0,1,0,0,1,01001,0,zoom_out,300,16
cfg_01001_zoom_out_a17.png,0,1,0,0,1,01001,0,zoom_out,300,17
cfg_01001_zoom_out_a18.png,0,1,0,0,1,01001,0,zoom_out,300,18
cfg_01001_zoom_out_a19.png,0,1,0,0,1,01001,0,zoom_out,300,19
cfg_01001_zoom_out_a20.png,0,1,0,0,1,01001,0,zoom_out,300,20
cfg_01001_zoom_out_a21.png,0,1,0,0,1,01001,0,zoom_out,300,21
cfg_01001_zoom_out_a22.png,0,1,0,0,1,01001,0,zoom_out,300,22
cfg_01001_zoom_out_a23.png,0,1,0,0,1,01001,0,zoom_out,300,23
cfg_01001_normal_a00.png,0,1,0,0,1,01001,1,normal,0,0
cfg_01001_normal_a01.png,0,1,0,0,1,01001,1,normal,0,1
cfg_01001_normal_a02.png,0,1,0,0,1,01001,1,normal,0,2
cfg_01001_normal_a03.png,0,1,0,0,1,01001,1,normal,0,3
cfg_01001_normal_a04.png,0,1,0,0,1,01001,1,normal,0,4
cfg_01001_normal_a05.png,0,1,0,0,1,01001,1,normal,0,5
cfg_01001_normal_a06.png,0,1,0,0,1,01001,1,normal,0,6
cfg_01001_normal_a07.png,0,1,0,0,1,01001,1,normal,0,7
cfg_01001_normal_a08.png,0,1,0,0,1,01001,1,normal,0,8
cfg_01001_normal_a09.png,0,1,0,0,1,01001,1,normal,0,9
cfg_01001_normal_a10.png,0,1,0,0,1,01001,1,normal,0,10
cfg_01001_normal_a11.png,0,1,0,0,1,01001,1,normal,0,11
cfg_01001_normal_a12.png,0,1,0,0,1,01001,1,normal,0,12
cfg_01001_normal_a13.png,0,1,0,0,1,01001,1,normal,0,13
cfg_01001_normal_a14.png,0,1,0,0,1,01001,1,normal,0,14
cfg_01001_normal_a15.png,0,1,0,0,1,01001,1,normal,0,15
cfg_01001_normal_a16.png,0,1,0,0,1,01001,1,normal,0,16
cfg_01001_normal_a17.png,0,1,0,0,1,01001,1,normal,0,17
cfg_01001_normal_a18.png,0,1,0,0,1,01001,1,normal,0,18
cfg_01001_normal_a19.png,0,1,0,0,1,01001,1,normal,0,19
cfg_01001_normal_a20.png,0,1,0,0,1,01001,1,normal,0,20
cfg_01001_normal_a21.png,0,1,0,0,1,01001,1,normal,0,21
cfg_01001_normal_a22.png,0,1,0,0,1,01001,1,normal,0,22
cfg_01001_normal_a23.png,0,1,0,0,1,01001,1,normal,0,23
cfg_01001_zoom_in_a00.png,0,1,0,0,1,01001,2,zoom_in,-300,0
cfg_01001_zoom_in_a01.png,0,1,0,0,1,01001,2,zoom_in,-300,1
cfg_01001_zoom_in_a02.png,0,1,0,0,1,01001,2,zoom_in,-300,2
cfg_01001_zoom_in_a03.png,0,1,0,0,1,01001,2,zoom_in,-300,3
cfg_01001_zoom_in_a04.png,0,1,0,0,1,01001,2,zoom_in,-300,4
cfg_01001_zoom_in_a05.png,0,1,0,0,1,01001,2,zoom_in,-300,5
cfg_01001_zoom_in_a06.png,0,1,0,0,1,01001,2,zoom_in,-300,6
cfg_01001_zoom_in_a07.png,0,1,0,0,1,01001,2,zoom_in,-300,7
cfg_01001_zoom_in_a08.png,0,1,0,0,1,01001,2,zoom_in,-300,8
cfg_01001_zoom_in_a09.png,0,1,0,0,1,01001,2,zoom_in,-300,9
cfg_01001_zoom_in_a10.png,0,1,0,0,1,01001,2,zoom_in,-300,10
cfg_01001_zoom_in_a11.png,0,1,0,0,1,01001,2,zoom_in,-300,11
cfg_01001_zoom_in_a12.png,0,1,0,0,1,01001,2,zoom_in,-300,12
cfg_01001_zoom_in_a13.png,0,1,0,0,1,01001,2,zoom_in,-300,13
cfg_01001_zoom_in_a14.png,0,1,0,0,1,01001,2,zoom_in,-300,14
cfg_01001_zoom_in_a15.png,0,1,0,0,1,01001,2,zoom_in,-300,15
cfg_01001_zoom_in_a16.png,0,1,0,0,1,01001,2,zoom_in,-300,16
cfg_01001_zoom_in_a17.png,0,1,0,0,1,01001,2,zoom_in,-300,17
cfg_01001_zoom_in_a18.png,0,1,0,0,1,01001,2,zoom_in,-300,18
cfg_01001_zoom_in_a19.png,0,1,0,0,1,01001,2,zoom_in,-300,19
cfg_01001_zoom_in_a20.png,0,1,0,0,1,01001,2,zoom_in,-300,20
cfg_01001_zoom_in_a21.png,0,1,0,0,1,01001,2,zoom_in,-300,21
cfg_01001_zoom_in_a22.png,0,1,0,0,1,01001,2,zoom_in,-300,22
cfg_01001_zoom_in_a23.png,0,1,0,0,1,01001,2,zoom_in,-300,23
cfg_01010_zoom_out_a00.png,0,1,0,1,0,01010,0,zoom_out,300,0
cfg_01010_zoom_out_a01.png,0,1,0,1,0,01010,0,zoom_out,300,1
cfg_01010_zoom_out_a02.png,0,1,0,1,0,01010,0,zoom_out,300,2
cfg_01010_zoom_out_a03.png,0,1,0,1,0,01010,0,zoom_out,300,3
cfg_01010_zoom_out_a04.png,0,1,0,1,0,01010,0,zoom_out,300,4
cfg_01010_zoom_out_a05.png,0,1,0,1,0,01010,0,zoom_out,300,5
cfg_01010_zoom_out_a06.png,0,1,0,1,0,01010,0,zoom_out,300,6
cfg_01010_zoom_out_a07.png,0,1,0,1,0,01010,0,zoom_out,300,7
cfg_01010_zoom_out_a08.png,0,1,0,1,0,01010,0,zoom_out,300,8
cfg_01010_zoom_out_a09.png,0,1,0,1,0,01010,0,zoom_out,300,9
cfg_01010_zoom_out_a10.png,0,1,0,1,0,01010,0,zoom_out,300,10
cfg_01010_zoom_out_a11.png,0,1,0,1,0,01010,0,zoom_out,300,11
cfg_01010_zoom_out_a12.png,0,1,0,1,0,01010,0,zoom_out,300,12
cfg_01010_zoom_out_a13.png,0,1,0,1,0,01010,0,zoom_out,300,13
cfg_01010_zoom_out_a14.png,0,1,0,1,0,01010,0,zoom_out,300,14
cfg_01010_zoom_out_a15.png,0,1,0,1,0,01010,0,zoom_out,300,15
cfg_01010_zoom_out_a16.png,0,1,0,1,0,01010,0,zoom_out,300,16
cfg_01010_zoom_out_a17.png,0,1,0,1,0,01010,0,zoom_out,300,17
cfg_01010_zoom_out_a18.png,0,1,0,1,0,01010,0,zoom_out,300,18
cfg_01010_zoom_out_a19.png,0,1,0,1,0,01010,0,zoom_out,300,19
cfg_01010_zoom_out_a20.png,0,1,0,1,0,01010,0,zoom_out,300,20
cfg_01010_zoom_out_a21.png,0,1,0,1,0,01010,0,zoom_out,300,21
cfg_01010_zoom_out_a22.png,0,1,0,1,0,01010,0,zoom_out,300,22
cfg_01010_zoom_out_a23.png,0,1,0,1,0,01010,0,zoom_out,300,23
cfg_01010_normal_a00.png,0,1,0,1,0,01010,1,normal,0,0
cfg_01010_normal_a01.png,0,1,0,1,0,01010,1,normal,0,1
cfg_01010_normal_a02.png,0,1,0,1,0,01010,1,normal,0,2
cfg_01010_normal_a03.png,0,1,0,1,0,01010,1,normal,0,3
cfg_01010_normal_a04.png,0,1,0,1,0,01010,1,normal,0,4
cfg_01010_normal_a05.png,0,1,0,1,0,01010,1,normal,0,5
cfg_01010_normal_a06.png,0,1,0,1,0,01010,1,normal,0,6
cfg_01010_normal_a07.png,0,1,0,1,0,01010,1,normal,0,7
cfg_01010_normal_a08.png,0,1,0,1,0,01010,1,normal,0,8
cfg_01010_normal_a09.png,0,1,0,1,0,01010,1,normal,0,9
cfg_01010_normal_a10.png,0,1,0,1,0,01010,1,normal,0,10
cfg_01010_normal_a11.png,0,1,0,1,0,01010,1,normal,0,11
cfg_01010_normal_a12.png,0,1,0,1,0,01010,1,normal,0,12
cfg_01010_normal_a13.png,0,1,0,1,0,01010,1,normal,0,13
cfg_01010_normal_a14.png,0,1,0,1,0,01010,1,normal,0,14
cfg_01010_normal_a15.png,0,1,0,1,0,01010,1,normal,0,15
cfg_01010_normal_a16.png,0,1,0,1,0,01010,1,normal,0,16
cfg_01010_normal_a17.png,0,1,0,1,0,01010,1,normal,0,17
cfg_01010_normal_a18.png,0,1,0,1,0,01010,1,normal,0,18
cfg_01010_normal_a19.png,0,1,0,1,0,01010,1,normal,0,19
cfg_01010_normal_a20.png,0,1,0,1,0,01010,1,normal,0,20
cfg_01010_normal_a21.png,0,1,0,1,0,01010,1,normal,0,21
cfg_01010_normal_a22.png,0,1,0,1,0,01010,1,normal,0,22
cfg_01010_normal_a23.png,0,1,0,1,0,01010,1,normal,0,23
cfg_01010_zoom_in_a00.png,0,1,0,1,0,01010,2,zoom_in,-300,0
cfg_01010_zoom_in_a01.png,0,1,0,1,0,01010,2,zoom_in,-300,1
cfg_01010_zoom_in_a02.png,0,1,0,1,0,01010,2,zoom_in,-300,2
cfg_01010_zoom_in_a03.png,0,1,0,1,0,01010,2,zoom_in,-300,3
cfg_01010_zoom_in_a04.png,0,1,0,1,0,01010,2,zoom_in,-300,4
cfg_01010_zoom_in_a05.png,0,1,0,1,0,01010,2,zoom_in,-300,5
cfg_01010_zoom_in_a06.png,0,1,0,1,0,01010,2,zoom_in,-300,6
cfg_01010_zoom_in_a07.png,0,1,0,1,0,01010,2,zoom_in,-300,7
cfg_01010_zoom_in_a08.png,0,1,0,1,0,01010,2,zoom_in,-300,8
cfg_01010_zoom_in_a09.png,0,1,0,1,0,01010,2,zoom_in,-300,9
cfg_01010_zoom_in_a10.png,0,1,0,1,0,01010,2,zoom_in,-300,10
cfg_01010_zoom_in_a11.png,0,1,0,1,0,01010,2,zoom_in,-300,11
cfg_01010_zoom_in_a12.png,0,1,0,1,0,01010,2,zoom_in,-300,12
cfg_01010_zoom_in_a13.png,0,1,0,1,0,01010,2,zoom_in,-300,13
cfg_01010_zoom_in_a14.png,0,1,0,1,0,01010,2,zoom_in,-300,14
cfg_01010_zoom_in_a15.png,0,1,0,1,0,01010,2,zoom_in,-300,15
cfg_01010_zoom_in_a16.png,0,1,0,1,0,01010,2,zoom_in,-300,16
cfg_01010_zoom_in_a17.png,0,1,0,1,0,01010,2,zoom_in,-300,17
cfg_01010_zoom_in_a18.png,0,1,0,1,0,01010,2,zoom_in,-300,18
cfg_01010_zoom_in_a19.png,0,1,0,1,0,01010,2,zoom_in,-300,19
cfg_01010_zoom_in_a20.png,0,1,0,1,0,01010,2,zoom_in,-300,20
cfg_01010_zoom_in_a21.png,0,1,0,1,0,01010,2,zoom_in,-300,21
cfg_01010_zoom_in_a22.png,0,1,0,1,0,01010,2,zoom_in,-300,22
cfg_01010_zoom_in_a23.png,0,1,0,1,0,01010,2,zoom_in,-300,23
cfg_01011_zoom_out_a00.png,0,1,0,1,1,01011,0,zoom_out,300,0
cfg_01011_zoom_out_a01.png,0,1,0,1,1,01011,0,zoom_out,300,1
cfg_01011_zoom_out_a02.png,0,1,0,1,1,01011,0,zoom_out,300,2
cfg_01011_zoom_out_a03.png,0,1,0,1,1,01011,0,zoom_out,300,3
cfg_01011_zoom_out_a04.png,0,1,0,1,1,01011,0,zoom_out,300,4
cfg_01011_zoom_out_a05.png,0,1,0,1,1,01011,0,zoom_out,300,5
cfg_01011_zoom_out_a06.png,0,1,0,1,1,01011,0,zoom_out,300,6
cfg_01011_zoom_out_a07.png,0,1,0,1,1,01011,0,zoom_out,300,7
cfg_01011_zoom_out_a08.png,0,1,0,1,1,01011,0,zoom_out,300,8
cfg_01011_zoom_out_a09.png,0,1,0,1,1,01011,0,zoom_out,300,9
cfg_01011_zoom_out_a10.png,0,1,0,1,1,01011,0,zoom_out,300,10
cfg_01011_zoom_out_a11.png,0,1,0,1,1,01011,0,zoom_out,300,11
cfg_01011_zoom_out_a12.png,0,1,0,1,1,01011,0,zoom_out,300,12
cfg_01011_zoom_out_a13.png,0,1,0,1,1,01011,0,zoom_out,300,13
cfg_01011_zoom_out_a14.png,0,1,0,1,1,01011,0,zoom_out,300,14
cfg_01011_zoom_out_a15.png,0,1,0,1,1,01011,0,zoom_out,300,15
cfg_01011_zoom_out_a16.png,0,1,0,1,1,01011,0,zoom_out,300,16
cfg_01011_zoom_out_a17.png,0,1,0,1,1,01011,0,zoom_out,300,17
cfg_01011_zoom_out_a18.png,0,1,0,1,1,01011,0,zoom_out,300,18
cfg_01011_zoom_out_a19.png,0,1,0,1,1,01011,0,zoom_out,300,19
cfg_01011_zoom_out_a20.png,0,1,0,1,1,01011,0,zoom_out,300,20
cfg_01011_zoom_out_a21.png,0,1,0,1,1,01011,0,zoom_out,300,21
cfg_01011_zoom_out_a22.png,0,1,0,1,1,01011,0,zoom_out,300,22
cfg_01011_zoom_out_a23.png,0,1,0,1,1,01011,0,zoom_out,300,23
cfg_01011_normal_a00.png,0,1,0,1,1,01011,1,normal,0,0
cfg_01011_normal_a01.png,0,1,0,1,1,01011,1,normal,0,1
cfg_01011_normal_a02.png,0,1,0,1,1,01011,1,normal,0,2
cfg_01011_normal_a03.png,0,1,0,1,1,01011,1,normal,0,3
cfg_01011_normal_a04.png,0,1,0,1,1,01011,1,normal,0,4
cfg_01011_normal_a05.png,0,1,0,1,1,01011,1,normal,0,5
cfg_01011_normal_a06.png,0,1,0,1,1,01011,1,normal,0,6
cfg_01011_normal_a07.png,0,1,0,1,1,01011,1,normal,0,7
cfg_01011_normal_a08.png,0,1,0,1,1,01011,1,normal,0,8
cfg_01011_normal_a09.png,0,1,0,1,1,01011,1,normal,0,9
cfg_01011_normal_a10.png,0,1,0,1,1,01011,1,normal,0,10
cfg_01011_normal_a11.png,0,1,0,1,1,01011,1,normal,0,11
cfg_01011_normal_a12.png,0,1,0,1,1,01011,1,normal,0,12
cfg_01011_normal_a13.png,0,1,0,1,1,01011,1,normal,0,13
cfg_01011_normal_a14.png,0,1,0,1,1,01011,1,normal,0,14
cfg_01011_normal_a15.png,0,1,0,1,1,01011,1,normal,0,15
cfg_01011_normal_a16.png,0,1,0,1,1,01011,1,normal,0,16
cfg_01011_normal_a17.png,0,1,0,1,1,01011,1,normal,0,17
cfg_01011_normal_a18.png,0,1,0,1,1,01011,1,normal,0,18
cfg_01011_normal_a19.png,0,1,0,1,1,01011,1,normal,0,19
cfg_01011_normal_a20.png,0,1,0,1,1,01011,1,normal,0,20
cfg_01011_normal_a21.png,0,1,0,1,1,01011,1,normal,0,21
cfg_01011_normal_a22.png,0,1,0,1,1,01011,1,normal,0,22
cfg_01011_normal_a23.png,0,1,0,1,1,01011,1,normal,0,23
cfg_01011_zoom_in_a00.png,0,1,0,1,1,01011,2,zoom_in,-300,0
cfg_01011_zoom_in_a01.png,0,1,0,1,1,01011,2,zoom_in,-300,1
cfg_01011_zoom_in_a02.png,0,1,0,1,1,01011,2,zoom_in,-300,2
cfg_01011_zoom_in_a03.png,0,1,0,1,1,01011,2,zoom_in,-300,3
cfg_01011_zoom_in_a04.png,0,1,0,1,1,01011,2,zoom_in,-300,4
cfg_01011_zoom_in_a05.png,0,1,0,1,1,01011,2,zoom_in,-300,5
cfg_01011_zoom_in_a06.png,0,1,0,1,1,01011,2,zoom_in,-300,6
cfg_01011_zoom_in_a07.png,0,1,0,1,1,01011,2,zoom_in,-300,7
cfg_01011_zoom_in_a08.png,0,1,0,1,1,01011,2,zoom_in,-300,8
cfg_01011_zoom_in_a09.png,0,1,0,1,1,01011,2,zoom_in,-300,9
cfg_01011_zoom_in_a10.png,0,1,0,1,1,01011,2,zoom_in,-300,10
cfg_01011_zoom_in_a11.png,0,1,0,1,1,01011,2,zoom_in,-300,11
cfg_01011_zoom_in_a12.png,0,1,0,1,1,01011,2,zoom_in,-300,12
cfg_01011_zoom_in_a13.png,0,1,0,1,1,01011,2,zoom_in,-300,13
cfg_01011_zoom_in_a14.png,0,1,0,1,1,01011,2,zoom_in,-300,14
cfg_01011_zoom_in_a15.png,0,1,0,1,1,01011,2,zoom_in,-300,15
cfg_01011_zoom_in_a16.png,0,1,0,1,1,01011,2,zoom_in,-300,16
cfg_01011_zoom_in_a17.png,0,1,0,1,1,01011,2,zoom_in,-300,17
cfg_01011_zoom_in_a18.png,0,1,0,1,1,01011,2,zoom_in,-300,18
cfg_01011_zoom_in_a19.png,0,1,0,1,1,01011,2,zoom_in,-300,19
cfg_01011_zoom_in_a20.png,0,1,0,1,1,01011,2,zoom_in,-300,20
cfg_01011_zoom_in_a21.png,0,1,0,1,1,01011,2,zoom_in,-300,21
cfg_01011_zoom_in_a22.png,0,1,0,1,1,01011,2,zoom_in,-300,22
cfg_01011_zoom_in_a23.png,0,1,0,1,1,01011,2,zoom_in,-300,23
cfg_01100_zoom_out_a00.png,0,1,1,0,0,01100,0,zoom_out,300,0
cfg_01100_zoom_out_a01.png,0,1,1,0,0,01100,0,zoom_out,300,1
cfg_01100_zoom_out_a02.png,0,1,1,0,0,01100,0,zoom_out,300,2
cfg_01100_zoom_out_a03.png,0,1,1,0,0,01100,0,zoom_out,300,3
cfg_01100_zoom_out_a04.png,0,1,1,0,0,01100,0,zoom_out,300,4
cfg_01100_zoom_out_a05.png,0,1,1,0,0,01100,0,zoom_out,300,5
cfg_01100_zoom_out_a06.png,0,1,1,0,0,01100,0,zoom_out,300,6
cfg_01100_zoom_out_a07.png,0,1,1,0,0,01100,0,zoom_out,300,7
cfg_01100_zoom_out_a08.png,0,1,1,0,0,01100,0,zoom_out,300,8
cfg_01100_zoom_out_a09.png,0,1,1,0,0,01100,0,zoom_out,300,9
cfg_01100_zoom_out_a10.png,0,1,1,0,0,01100,0,zoom_out,300,10
cfg_01100_zoom_out_a11.png,0,1,1,0,0,01100,0,zoom_out,300,11
cfg_01100_zoom_out_a12.png,0,1,1,0,0,01100,0,zoom_out,300,12
cfg_01100_zoom_out_a13.png,0,1,1,0,0,01100,0,zoom_out,300,13
cfg_01100_zoom_out_a14.png,0,1,1,0,0,01100,0,zoom_out,300,14
cfg_01100_zoom_out_a15.png,0,1,1,0,0,01100,0,zoom_out,300,15
cfg_01100_zoom_out_a16.png,0,1,1,0,0,01100,0,zoom_out,300,16
cfg_01100_zoom_out_a17.png,0,1,1,0,0,01100,0,zoom_out,300,17
cfg_01100_zoom_out_a18.png,0,1,1,0,0,01100,0,zoom_out,300,18
cfg_01100_zoom_out_a19.png,0,1,1,0,0,01100,0,zoom_out,300,19
cfg_01100_zoom_out_a20.png,0,1,1,0,0,01100,0,zoom_out,300,20
cfg_01100_zoom_out_a21.png,0,1,1,0,0,01100,0,zoom_out,300,21
cfg_01100_zoom_out_a22.png,0,1,1,0,0,01100,0,zoom_out,300,22
cfg_01100_zoom_out_a23.png,0,1,1,0,0,01100,0,zoom_out,300,23
cfg_01100_normal_a00.png,0,1,1,0,0,01100,1,normal,0,0
cfg_01100_normal_a01.png,0,1,1,0,0,01100,1,normal,0,1
cfg_01100_normal_a02.png,0,1,1,0,0,01100,1,normal,0,2
cfg_01100_normal_a03.png,0,1,1,0,0,01100,1,normal,0,3
cfg_01100_normal_a04.png,0,1,1,0,0,01100,1,normal,0,4
cfg_01100_normal_a05.png,0,1,1,0,0,01100,1,normal,0,5
cfg_01100_normal_a06.png,0,1,1,0,0,01100,1,normal,0,6
cfg_01100_normal_a07.png,0,1,1,0,0,01100,1,normal,0,7
cfg_01100_normal_a08.png,0,1,1,0,0,01100,1,normal,0,8
cfg_01100_normal_a09.png,0,1,1,0,0,01100,1,normal,0,9
cfg_01100_normal_a10.png,0,1,1,0,0,01100,1,normal,0,10
cfg_01100_normal_a11.png,0,1,1,0,0,01100,1,normal,0,11
cfg_01100_normal_a12.png,0,1,1,0,0,01100,1,normal,0,12
cfg_01100_normal_a13.png,0,1,1,0,0,01100,1,normal,0,13
cfg_01100_normal_a14.png,0,1,1,0,0,01100,1,normal,0,14
cfg_01100_normal_a15.png,0,1,1,0,0,01100,1,normal,0,15
cfg_01100_normal_a16.png,0,1,1,0,0,01100,1,normal,0,16
cfg_01100_normal_a17.png,0,1,1,0,0,01100,1,normal,0,17
cfg_01100_normal_a18.png,0,1,1,0,0,01100,1,normal,0,18
cfg_01100_normal_a19.png,0,1,1,0,0,01100,1,normal,0,19
cfg_01100_normal_a20.png,0,1,1,0,0,01100,1,normal,0,20
cfg_01100_normal_a21.png,0,1,1,0,0,01100,1,normal,0,21
cfg_01100_normal_a22.png,0,1,1,0,0,01100,1,normal,0,22
cfg_01100_normal_a23.png,0,1,1,0,0,01100,1,normal,0,23
cfg_01100_zoom_in_a00.png,0,1,1,0,0,01100,2,zoom_in,-300,0
cfg_01100_zoom_in_a01.png,0,1,1,0,0,01100,2,zoom_in,-300,1
cfg_01100_zoom_in_a02.png,0,1,1,0,0,01100,2,zoom_in,-300,2
cfg_01100_zoom_in_a03.png,0,1,1,0,0,01100,2,zoom_in,-300,3
cfg_01100_zoom_in_a04.png,0,1,1,0,0,01100,2,zoom_in,-300,4
cfg_01100_zoom_in_a05.png,0,1,1,0,0,01100,2,zoom_in,-300,5
cfg_01100_zoom_in_a06.png,0,1,1,0,0,01100,2,zoom_in,-300,6
cfg_01100_zoom_in_a07.png,0,1,1,0,0,01100,2,zoom_in,-300,7
cfg_01100_zoom_in_a08.png,0,1,1,0,0,01100,2,zoom_in,-300,8
cfg_01100_zoom_in_a09.png,0,1,1,0,0,01100,2,zoom_in,-300,9
cfg_01100_zoom_in_a10.png,0,1,1,0,0,01100,2,zoom_in,-300,10
cfg_01100_zoom_in_a11.png,0,1,1,0,0,01100,2,zoom_in,-300,11
cfg_01100_zoom_in_a12.png,0,1,1,0,0,01100,2,zoom_in,-300,12
cfg_01100_zoom_in_a13.png,0,1,1,0,0,01100,2,zoom_in,-300,13
cfg_01100_zoom_in_a14.png,0,1,1,0,0,01100,2,zoom_in,-300,14
cfg_01100_zoom_in_a15.png,0,1,1,0,0,01100,2,zoom_in,-300,15
cfg_01100_zoom_in_a16.png,0,1,1,0,0,01100,2,zoom_in,-300,16
cfg_01100_zoom_in_a17.png,0,1,1,0,0,01100,2,zoom_in,-300,17
cfg_01100_zoom_in_a18.png,0,1,1,0,0,01100,2,zoom_in,-300,18
cfg_01100_zoom_in_a19.png,0,1,1,0,0,01100,2,zoom_in,-300,19
cfg_01100_zoom_in_a20.png,0,1,1,0,0,01100,2,zoom_in,-300,20
cfg_01100_zoom_in_a21.png,0,1,1,0,0,01100,2,zoom_in,-300,21
cfg_01100_zoom_in_a22.png,0,1,1,0,0,01100,2,zoom_in,-300,22
cfg_01100_zoom_in_a23.png,0,1,1,0,0,01100,2,zoom_in,-300,23
cfg_01101_zoom_out_a00.png,0,1,1,0,1,01101,0,zoom_out,300,0
cfg_01101_zoom_out_a01.png,0,1,1,0,1,01101,0,zoom_out,300,1
cfg_01101_zoom_out_a02.png,0,1,1,0,1,01101,0,zoom_out,300,2
cfg_01101_zoom_out_a03.png,0,1,1,0,1,01101,0,zoom_out,300,3
cfg_01101_zoom_out_a04.png,0,1,1,0,1,01101,0,zoom_out,300,4
cfg_01101_zoom_out_a05.png,0,1,1,0,1,01101,0,zoom_out,300,5
cfg_01101_zoom_out_a06.png,0,1,1,0,1,01101,0,zoom_out,300,6
cfg_01101_zoom_out_a07.png,0,1,1,0,1,01101,0,zoom_out,300,7
cfg_01101_zoom_out_a08.png,0,1,1,0,1,01101,0,zoom_out,300,8
cfg_01101_zoom_out_a09.png,0,1,1,0,1,01101,0,zoom_out,300,9
cfg_01101_zoom_out_a10.png,0,1,1,0,1,01101,0,zoom_out,300,10
cfg_01101_zoom_out_a11.png,0,1,1,0,1,01101,0,zoom_out,300,11
cfg_01101_zoom_out_a12.png,0,1,1,0,1,01101,0,zoom_out,300,12
cfg_01101_zoom_out_a13.png,0,1,1,0,1,01101,0,zoom_out,300,13
cfg_01101_zoom_out_a14.png,0,1,1,0,1,01101,0,zoom_out,300,14
cfg_01101_zoom_out_a15.png,0,1,1,0,1,01101,0,zoom_out,300,15
cfg_01101_zoom_out_a16.png,0,1,1,0,1,01101,0,zoom_out,300,16
cfg_01101_zoom_out_a17.png,0,1,1,0,1,01101,0,zoom_out,300,17
cfg_01101_zoom_out_a18.png,0,1,1,0,1,01101,0,zoom_out,300,18
cfg_01101_zoom_out_a19.png,0,1,1,0,1,01101,0,zoom_out,300,19
cfg_01101_zoom_out_a20.png,0,1,1,0,1,01101,0,zoom_out,300,20
cfg_01101_zoom_out_a21.png,0,1,1,0,1,01101,0,zoom_out,300,21
cfg_01101_zoom_out_a22.png,0,1,1,0,1,01101,0,zoom_out,300,22
cfg_01101_zoom_out_a23.png,0,1,1,0,1,01101,0,zoom_out,300,23
cfg_01101_normal_a00.png,0,1,1,0,1,01101,1,normal,0,0
cfg_01101_normal_a01.png,0,1,1,0,1,01101,1,normal,0,1
cfg_01101_normal_a02.png,0,1,1,0,1,01101,1,normal,0,2
cfg_01101_normal_a03.png,0,1,1,0,1,01101,1,normal,0,3
cfg_01101_normal_a04.png,0,1,1,0,1,01101,1,normal,0,4
cfg_01101_normal_a05.png,0,1,1,0,1,01101,1,normal,0,5
cfg_01101_normal_a06.png,0,1,1,0,1,01101,1,normal,0,6
cfg_01101_normal_a07.png,0,1,1,0,1,01101,1,normal,0,7
cfg_01101_normal_a08.png,0,1,1,0,1,01101,1,normal,0,8
cfg_01101_normal_a09.png,0,1,1,0,1,01101,1,normal,0,9
cfg_01101_normal_a10.png,0,1,1,0,1,01101,1,normal,0,10
cfg_01101_normal_a11.png,0,1,1,0,1,01101,1,normal,0,11
cfg_01101_normal_a12.png,0,1,1,0,1,01101,1,normal,0,12
cfg_01101_normal_a13.png,0,1,1,0,1,01101,1,normal,0,13
cfg_01101_normal_a14.png,0,1,1,0,1,01101,1,normal,0,14
cfg_01101_normal_a15.png,0,1,1,0,1,01101,1,normal,0,15
cfg_01101_normal_a16.png,0,1,1,0,1,01101,1,normal,0,16
cfg_01101_normal_a17.png,0,1,1,0,1,01101,1,normal,0,17
cfg_01101_normal_a18.png,0,1,1,0,1,01101,1,normal,0,18
cfg_01101_normal_a19.png,0,1,1,0,1,01101,1,normal,0,19
cfg_01101_normal_a20.png,0,1,1,0,1,01101,1,normal,0,20
cfg_01101_normal_a21.png,0,1,1,0,1,01101,1,normal,0,21
cfg_01101_normal_a22.png,0,1,1,0,1,01101,1,normal,0,22
cfg_01101_normal_a23.png,0,1,1,0,1,01101,1,normal,0,23
cfg_01101_zoom_in_a00.png,0,1,1,0,1,01101,2,zoom_in,-300,0
cfg_01101_zoom_in_a01.png,0,1,1,0,1,01101,2,zoom_in,-300,1
cfg_01101_zoom_in_a02.png,0,1,1,0,1,01101,2,zoom_in,-300,2
cfg_01101_zoom_in_a03.png,0,1,1,0,1,01101,2,zoom_in,-300,3
cfg_01101_zoom_in_a04.png,0,1,1,0,1,01101,2,zoom_in,-300,4
cfg_01101_zoom_in_a05.png,0,1,1,0,1,01101,2,zoom_in,-300,5
cfg_01101_zoom_in_a06.png,0,1,1,0,1,01101,2,zoom_in,-300,6
cfg_01101_zoom_in_a07.png,0,1,1,0,1,01101,2,zoom_in,-300,7
cfg_01101_zoom_in_a08.png,0,1,1,0,1,01101,2,zoom_in,-300,8
cfg_01101_zoom_in_a09.png,0,1,1,0,1,01101,2,zoom_in,-300,9
cfg_01101_zoom_in_a10.png,0,1,1,0,1,01101,2,zoom_in,-300,10
cfg_01101_zoom_in_a11.png,0,1,1,0,1,01101,2,zoom_in,-300,11
cfg_01101_zoom_in_a12.png,0,1,1,0,1,01101,2,zoom_in,-300,12
cfg_01101_zoom_in_a13.png,0,1,1,0,1,01101,2,zoom_in,-300,13
cfg_01101_zoom_in_a14.png,0,1,1,0,1,01101,2,zoom_in,-300,14
cfg_01101_zoom_in_a15.png,0,1,1,0,1,01101,2,zoom_in,-300,15
cfg_01101_zoom_in_a16.png,0,1,1,0,1,01101,2,zoom_in,-300,16
cfg_01101_zoom_in_a17.png,0,1,1,0,1,01101,2,zoom_in,-300,17
cfg_01101_zoom_in_a18.png,0,1,1,0,1,01101,2,zoom_in,-300,18
cfg_01101_zoom_in_a19.png,0,1,1,0,1,01101,2,zoom_in,-300,19
cfg_01101_zoom_in_a20.png,0,1,1,0,1,01101,2,zoom_in,-300,20
cfg_01101_zoom_in_a21.png,0,1,1,0,1,01101,2,zoom_in,-300,21
cfg_01101_zoom_in_a22.png,0,1,1,0,1,01101,2,zoom_in,-300,22
cfg_01101_zoom_in_a23.png,0,1,1,0,1,01101,2,zoom_in,-300,23
cfg_01110_zoom_out_a00.png,0,1,1,1,0,01110,0,zoom_out,300,0
cfg_01110_zoom_out_a01.png,0,1,1,1,0,01110,0,zoom_out,300,1
cfg_01110_zoom_out_a02.png,0,1,1,1,0,01110,0,zoom_out,300,2
cfg_01110_zoom_out_a03.png,0,1,1,1,0,01110,0,zoom_out,300,3
cfg_01110_zoom_out_a04.png,0,1,1,1,0,01110,0,zoom_out,300,4
cfg_01110_zoom_out_a05.png,0,1,1,1,0,01110,0,zoom_out,300,5
cfg_01110_zoom_out_a06.png,0,1,1,1,0,01110,0,zoom_out,300,6
cfg_01110_zoom_out_a07.png,0,1,1,1,0,01110,0,zoom_out,300,7
cfg_01110_zoom_out_a08.png,0,1,1,1,0,01110,0,zoom_out,300,8
cfg_01110_zoom_out_a09.png,0,1,1,1,0,01110,0,zoom_out,300,9
cfg_01110_zoom_out_a10.png,0,1,1,1,0,01110,0,zoom_out,300,10
cfg_01110_zoom_out_a11.png,0,1,1,1,0,01110,0,zoom_out,300,11
cfg_01110_zoom_out_a12.png,0,1,1,1,0,01110,0,zoom_out,300,12
cfg_01110_zoom_out_a13.png,0,1,1,1,0,01110,0,zoom_out,300,13
cfg_01110_zoom_out_a14.png,0,1,1,1,0,01110,0,zoom_out,300,14
cfg_01110_zoom_out_a15.png,0,1,1,1,0,01110,0,zoom_out,300,15
cfg_01110_zoom_out_a16.png,0,1,1,1,0,01110,0,zoom_out,300,16
cfg_01110_zoom_out_a17.png,0,1,1,1,0,01110,0,zoom_out,300,17
cfg_01110_zoom_out_a18.png,0,1,1,1,0,01110,0,zoom_out,300,18
cfg_01110_zoom_out_a19.png,0,1,1,1,0,01110,0,zoom_out,300,19
cfg_01110_zoom_out_a20.png,0,1,1,1,0,01110,0,zoom_out,300,20
cfg_01110_zoom_out_a21.png,0,1,1,1,0,01110,0,zoom_out,300,21
cfg_01110_zoom_out_a22.png,0,1,1,1,0,01110,0,zoom_out,300,22
cfg_01110_zoom_out_a23.png,0,1,1,1,0,01110,0,zoom_out,300,23
cfg_01110_normal_a00.png,0,1,1,1,0,01110,1,normal,0,0
cfg_01110_normal_a01.png,0,1,1,1,0,01110,1,normal,0,1
cfg_01110_normal_a02.png,0,1,1,1,0,01110,1,normal,0,2
cfg_01110_normal_a03.png,0,1,1,1,0,01110,1,normal,0,3
cfg_01110_normal_a04.png,0,1,1,1,0,01110,1,normal,0,4
cfg_01110_normal_a05.png,0,1,1,1,0,01110,1,normal,0,5
cfg_01110_normal_a06.png,0,1,1,1,0,01110,1,normal,0,6
cfg_01110_normal_a07.png,0,1,1,1,0,01110,1,normal,0,7
cfg_01110_normal_a08.png,0,1,1,1,0,01110,1,normal,0,8
cfg_01110_normal_a09.png,0,1,1,1,0,01110,1,normal,0,9
cfg_01110_normal_a10.png,0,1,1,1,0,01110,1,normal,0,10
cfg_01110_normal_a11.png,0,1,1,1,0,01110,1,normal,0,11
cfg_01110_normal_a12.png,0,1,1,1,0,01110,1,normal,0,12
cfg_01110_normal_a13.png,0,1,1,1,0,01110,1,normal,0,13
cfg_01110_normal_a14.png,0,1,1,1,0,01110,1,normal,0,14
cfg_01110_normal_a15.png,0,1,1,1,0,01110,1,normal,0,15
cfg_01110_normal_a16.png,0,1,1,1,0,01110,1,normal,0,16
cfg_01110_normal_a17.png,0,1,1,1,0,01110,1,normal,0,17
cfg_01110_normal_a18.png,0,1,1,1,0,01110,1,normal,0,18
cfg_01110_normal_a19.png,0,1,1,1,0,01110,1,normal,0,19
cfg_01110_normal_a20.png,0,1,1,1,0,01110,1,normal,0,20
cfg_01110_normal_a21.png,0,1,1,1,0,01110,1,normal,0,21
cfg_01110_normal_a22.png,0,1,1,1,0,01110,1,normal,0,22
cfg_01110_normal_a23.png,0,1,1,1,0,01110,1,normal,0,23
cfg_01110_zoom_in_a00.png,0,1,1,1,0,01110,2,zoom_in,-300,0
cfg_01110_zoom_in_a01.png,0,1,1,1,0,01110,2,zoom_in,-300,1
cfg_01110_zoom_in_a02.png,0,1,1,1,0,01110,2,zoom_in,-300,2
cfg_01110_zoom_in_a03.png,0,1,1,1,0,01110,2,zoom_in,-300,3
cfg_01110_zoom_in_a04.png,0,1,1,1,0,01110,2,zoom_in,-300,4
cfg_01110_zoom_in_a05.png,0,1,1,1,0,01110,2,zoom_in,-300,5
cfg_01110_zoom_in_a06.png,0,1,1,1,0,01110,2,zoom_in,-300,6
cfg_01110_zoom_in_a07.png,0,1,1,1,0,01110,2,zoom_in,-300,7
cfg_01110_zoom_in_a08.png,0,1,1,1,0,01110,2,zoom_in,-300,8
cfg_01110_zoom_in_a09.png,0,1,1,1,0,01110,2,zoom_in,-300,9
cfg_01110_zoom_in_a10.png,0,1,1,1,0,01110,2,zoom_in,-300,10
cfg_01110_zoom_in_a11.png,0,1,1,1,0,01110,2,zoom_in,-300,11
cfg_01110_zoom_in_a12.png,0,1,1,1,0,01110,2,zoom_in,-300,12
cfg_01110_zoom_in_a13.png,0,1,1,1,0,01110,2,zoom_in,-300,13
cfg_01110_zoom_in_a14.png,0,1,1,1,0,01110,2,zoom_in,-300,14
cfg_01110_zoom_in_a15.png,0,1,1,1,0,01110,2,zoom_in,-300,15
cfg_01110_zoom_in_a16.png,0,1,1,1,0,01110,2,zoom_in,-300,16
cfg_01110_zoom_in_a17.png,0,1,1,1,0,01110,2,zoom_in,-300,17
cfg_01110_zoom_in_a18.png,0,1,1,1,0,01110,2,zoom_in,-300,18
cfg_01110_zoom_in_a19.png,0,1,1,1,0,01110,2,zoom_in,-300,19
cfg_01110_zoom_in_a20.png,0,1,1,1,0,01110,2,zoom_in,-300,20
cfg_01110_zoom_in_a21.png,0,1,1,1,0,01110,2,zoom_in,-300,21
cfg_01110_zoom_in_a22.png,0,1,1,1,0,01110,2,zoom_in,-300,22
cfg_01110_zoom_in_a23.png,0,1,1,1,0,01110,2,zoom_in,-300,23
cfg_01111_zoom_out_a00.png,0,1,1,1,1,01111,0,zoom_out,300,0
cfg_01111_zoom_out_a01.png,0,1,1,1,1,01111,0,zoom_out,300,1
cfg_01111_zoom_out_a02.png,0,1,1,1,1,01111,0,zoom_out,300,2
cfg_01111_zoom_out_a03.png,0,1,1,1,1,01111,0,zoom_out,300,3
cfg_01111_zoom_out_a04.png,0,1,1,1,1,01111,0,zoom_out,300,4
cfg_01111_zoom_out_a05.png,0,1,1,1,1,01111,0,zoom_out,300,5
cfg_01111_zoom_out_a06.png,0,1,1,1,1,01111,0,zoom_out,300,6
cfg_01111_zoom_out_a07.png,0,1,1,1,1,01111,0,zoom_out,300,7
cfg_01111_zoom_out_a08.png,0,1,1,1,1,01111,0,zoom_out,300,8
cfg_01111_zoom_out_a09.png,0,1,1,1,1,01111,0,zoom_out,300,9
cfg_01111_zoom_out_a10.png,0,1,1,1,1,01111,0,zoom_out,300,10
cfg_01111_zoom_out_a11.png,0,1,1,1,1,01111,0,zoom_out,300,11
cfg_01111_zoom_out_a12.png,0,1,1,1,1,01111,0,zoom_out,300,12
cfg_01111_zoom_out_a13.png,0,1,1,1,1,01111,0,zoom_out,300,13
cfg_01111_zoom_out_a14.png,0,1,1,1,1,01111,0,zoom_out,300,14
cfg_01111_zoom_out_a15.png,0,1,1,1,1,01111,0,zoom_out,300,15
cfg_01111_zoom_out_a16.png,0,1,1,1,1,01111,0,zoom_out,300,16
cfg_01111_zoom_out_a17.png,0,1,1,1,1,01111,0,zoom_out,300,17
cfg_01111_zoom_out_a18.png,0,1,1,1,1,01111,0,zoom_out,300,18
cfg_01111_zoom_out_a19.png,0,1,1,1,1,01111,0,zoom_out,300,19
cfg_01111_zoom_out_a20.png,0,1,1,1,1,01111,0,zoom_out,300,20
cfg_01111_zoom_out_a21.png,0,1,1,1,1,01111,0,zoom_out,300,21
cfg_01111_zoom_out_a22.png,0,1,1,1,1,01111,0,zoom_out,300,22
cfg_01111_zoom_out_a23.png,0,1,1,1,1,01111,0,zoom_out,300,23
cfg_01111_normal_a00.png,0,1,1,1,1,01111,1,normal,0,0
cfg_01111_normal_a01.png,0,1,1,1,1,01111,1,normal,0,1
cfg_01111_normal_a02.png,0,1,1,1,1,01111,1,normal,0,2
cfg_01111_normal_a03.png,0,1,1,1,1,01111,1,normal,0,3
cfg_01111_normal_a04.png,0,1,1,1,1,01111,1,normal,0,4
cfg_01111_normal_a05.png,0,1,1,1,1,01111,1,normal,0,5
cfg_01111_normal_a06.png,0,1,1,1,1,01111,1,normal,0,6
cfg_01111_normal_a07.png,0,1,1,1,1,01111,1,normal,0,7
cfg_01111_normal_a08.png,0,1,1,1,1,01111,1,normal,0,8
cfg_01111_normal_a09.png,0,1,1,1,1,01111,1,normal,0,9
cfg_01111_normal_a10.png,0,1,1,1,1,01111,1,normal,0,10
cfg_01111_normal_a11.png,0,1,1,1,1,01111,1,normal,0,11
cfg_01111_normal_a12.png,0,1,1,1,1,01111,1,normal,0,12
cfg_01111_normal_a13.png,0,1,1,1,1,01111,1,normal,0,13
cfg_01111_normal_a14.png,0,1,1,1,1,01111,1,normal,0,14
cfg_01111_normal_a15.png,0,1,1,1,1,01111,1,normal,0,15
cfg_01111_normal_a16.png,0,1,1,1,1,01111,1,normal,0,16
cfg_01111_normal_a17.png,0,1,1,1,1,01111,1,normal,0,17
cfg_01111_normal_a18.png,0,1,1,1,1,01111,1,normal,0,18
cfg_01111_normal_a19.png,0,1,1,1,1,01111,1,normal,0,19
cfg_01111_normal_a20.png,0,1,1,1,1,01111,1,normal,0,20
cfg_01111_normal_a21.png,0,1,1,1,1,01111,1,normal,0,21
cfg_01111_normal_a22.png,0,1,1,1,1,01111,1,normal,0,22
cfg_01111_normal_a23.png,0,1,1,1,1,01111,1,normal,0,23
cfg_01111_zoom_in_a00.png,0,1,1,1,1,01111,2,zoom_in,-300,0
cfg_01111_zoom_in_a01.png,0,1,1,1,1,01111,2,zoom_in,-300,1
cfg_01111_zoom_in_a02.png,0,1,1,1,1,01111,2,zoom_in,-300,2
cfg_01111_zoom_in_a03.png,0,1,1,1,1,01111,2,zoom_in,-300,3
cfg_01111_zoom_in_a04.png,0,1,1,1,1,01111,2,zoom_in,-300,4
cfg_01111_zoom_in_a05.png,0,1,1,1,1,01111,2,zoom_in,-300,5
cfg_01111_zoom_in_a06.png,0,1,1,1,1,01111,2,zoom_in,-300,6
cfg_01111_zoom_in_a07.png,0,1,1,1,1,01111,2,zoom_in,-300,7
cfg_01111_zoom_in_a08.png,0,1,1,1,1,01111,2,zoom_in,-300,8
cfg_01111_zoom_in_a09.png,0,1,1,1,1,01111,2,zoom_in,-300,9
cfg_01111_zoom_in_a10.png,0,1,1,1,1,01111,2,zoom_in,-300,10
cfg_01111_zoom_in_a11.png,0,1,1,1,1,01111,2,zoom_in,-300,11
cfg_01111_zoom_in_a12.png,0,1,1,1,1,01111,2,zoom_in,-300,12
cfg_01111_zoom_in_a13.png,0,1,1,1,1,01111,2,zoom_in,-300,13
cfg_01111_zoom_in_a14.png,0,1,1,1,1,01111,2,zoom_in,-300,14
cfg_01111_zoom_in_a15.png,0,1,1,1,1,01111,2,zoom_in,-300,15
cfg_01111_zoom_in_a16.png,0,1,1,1,1,01111,2,zoom_in,-300,16
cfg_01111_zoom_in_a17.png,0,1,1,1,1,01111,2,zoom_in,-300,17
cfg_01111_zoom_in_a18.png,0,1,1,1,1,01111,2,zoom_in,-300,18
cfg_01111_zoom_in_a19.png,0,1,1,1,1,01111,2,zoom_in,-300,19
cfg_01111_zoom_in_a20.png,0,1,1,1,1,01111,2,zoom_in,-300,20
cfg_01111_zoom_in_a21.png,0,1,1,1,1,01111,2,zoom_in,-300,21
cfg_01111_zoom_in_a22.png,0,1,1,1,1,01111,2,zoom_in,-300,22
cfg_01111_zoom_in_a23.png,0,1,1,1,1,01111,2,zoom_in,-300,23
cfg_10000_zoom_out_a00.png,1,0,0,0,0,10000,0,zoom_out,300,0
cfg_10000_zoom_out_a01.png,1,0,0,0,0,10000,0,zoom_out,300,1
cfg_10000_zoom_out_a02.png,1,0,0,0,0,10000,0,zoom_out,300,2
cfg_10000_zoom_out_a03.png,1,0,0,0,0,10000,0,zoom_out,300,3
cfg_10000_zoom_out_a04.png,1,0,0,0,0,10000,0,zoom_out,300,4
cfg_10000_zoom_out_a05.png,1,0,0,0,0,10000,0,zoom_out,300,5
cfg_10000_zoom_out_a06.png,1,0,0,0,0,10000,0,zoom_out,300,6
cfg_10000_zoom_out_a07.png,1,0,0,0,0,10000,0,zoom_out,300,7
cfg_10000_zoom_out_a08.png,1,0,0,0,0,10000,0,zoom_out,300,8
cfg_10000_zoom_out_a09.png,1,0,0,0,0,10000,0,zoom_out,300,9
cfg_10000_zoom_out_a10.png,1,0,0,0,0,10000,0,zoom_out,300,10
cfg_10000_zoom_out_a11.png,1,0,0,0,0,10000,0,zoom_out,300,11
cfg_10000_zoom_out_a12.png,1,0,0,0,0,10000,0,zoom_out,300,12
cfg_10000_zoom_out_a13.png,1,0,0,0,0,10000,0,zoom_out,300,13
cfg_10000_zoom_out_a14.png,1,0,0,0,0,10000,0,zoom_out,300,14
cfg_10000_zoom_out_a15.png,1,0,0,0,0,10000,0,zoom_out,300,15
cfg_10000_zoom_out_a16.png,1,0,0,0,0,10000,0,zoom_out,300,16
cfg_10000_zoom_out_a17.png,1,0,0,0,0,10000,0,zoom_out,300,17
cfg_10000_zoom_out_a18.png,1,0,0,0,0,10000,0,zoom_out,300,18
cfg_10000_zoom_out_a19.png,1,0,0,0,0,10000,0,zoom_out,300,19
cfg_10000_zoom_out_a20.png,1,0,0,0,0,10000,0,zoom_out,300,20
cfg_10000_zoom_out_a21.png,1,0,0,0,0,10000,0,zoom_out,300,21
cfg_10000_zoom_out_a22.png,1,0,0,0,0,10000,0,zoom_out,300,22
cfg_10000_zoom_out_a23.png,1,0,0,0,0,10000,0,zoom_out,300,23
cfg_10000_normal_a00.png,1,0,0,0,0,10000,1,normal,0,0
cfg_10000_normal_a01.png,1,0,0,0,0,10000,1,normal,0,1
cfg_10000_normal_a02.png,1,0,0,0,0,10000,1,normal,0,2
cfg_10000_normal_a03.png,1,0,0,0,0,10000,1,normal,0,3
cfg_10000_normal_a04.png,1,0,0,0,0,10000,1,normal,0,4
cfg_10000_normal_a05.png,1,0,0,0,0,10000,1,normal,0,5
cfg_10000_normal_a06.png,1,0,0,0,0,10000,1,normal,0,6
cfg_10000_normal_a07.png,1,0,0,0,0,10000,1,normal,0,7
cfg_10000_normal_a08.png,1,0,0,0,0,10000,1,normal,0,8
cfg_10000_normal_a09.png,1,0,0,0,0,10000,1,normal,0,9
cfg_10000_normal_a10.png,1,0,0,0,0,10000,1,normal,0,10
cfg_10000_normal_a11.png,1,0,0,0,0,10000,1,normal,0,11
cfg_10000_normal_a12.png,1,0,0,0,0,10000,1,normal,0,12
cfg_10000_normal_a13.png,1,0,0,0,0,10000,1,normal,0,13
cfg_10000_normal_a14.png,1,0,0,0,0,10000,1,normal,0,14
cfg_10000_normal_a15.png,1,0,0,0,0,10000,1,normal,0,15
cfg_10000_normal_a16.png,1,0,0,0,0,10000,1,normal,0,16
cfg_10000_normal_a17.png,1,0,0,0,0,10000,1,normal,0,17
cfg_10000_normal_a18.png,1,0,0,0,0,10000,1,normal,0,18
cfg_10000_normal_a19.png,1,0,0,0,0,10000,1,normal,0,19
cfg_10000_normal_a20.png,1,0,0,0,0,10000,1,normal,0,20
cfg_10000_normal_a21.png,1,0,0,0,0,10000,1,normal,0,21
cfg_10000_normal_a22.png,1,0,0,0,0,10000,1,normal,0,22
cfg_10000_normal_a23.png,1,0,0,0,0,10000,1,normal,0,23
cfg_10000_zoom_in_a00.png,1,0,0,0,0,10000,2,zoom_in,-300,0
cfg_10000_zoom_in_a01.png,1,0,0,0,0,10000,2,zoom_in,-300,1
cfg_10000_zoom_in_a02.png,1,0,0,0,0,10000,2,zoom_in,-300,2
cfg_10000_zoom_in_a03.png,1,0,0,0,0,10000,2,zoom_in,-300,3
cfg_10000_zoom_in_a04.png,1,0,0,0,0,10000,2,zoom_in,-300,4
cfg_10000_zoom_in_a05.png,1,0,0,0,0,10000,2,zoom_in,-300,5
cfg_10000_zoom_in_a06.png,1,0,0,0,0,10000,2,zoom_in,-300,6
cfg_10000_zoom_in_a07.png,1,0,0,0,0,10000,2,zoom_in,-300,7
cfg_10000_zoom_in_a08.png,1,0,0,0,0,10000,2,zoom_in,-300,8
cfg_10000_zoom_in_a09.png,1,0,0,0,0,10000,2,zoom_in,-300,9
cfg_10000_zoom_in_a10.png,1,0,0,0,0,10000,2,zoom_in,-300,10
cfg_10000_zoom_in_a11.png,1,0,0,0,0,10000,2,zoom_in,-300,11
cfg_10000_zoom_in_a12.png,1,0,0,0,0,10000,2,zoom_in,-300,12
cfg_10000_zoom_in_a13.png,1,0,0,0,0,10000,2,zoom_in,-300,13
cfg_10000_zoom_in_a14.png,1,0,0,0,0,10000,2,zoom_in,-300,14
cfg_10000_zoom_in_a15.png,1,0,0,0,0,10000,2,zoom_in,-300,15
cfg_10000_zoom_in_a16.png,1,0,0,0,0,10000,2,zoom_in,-300,16
cfg_10000_zoom_in_a17.png,1,0,0,0,0,10000,2,zoom_in,-300,17
cfg_10000_zoom_in_a18.png,1,0,0,0,0,10000,2,zoom_in,-300,18
cfg_10000_zoom_in_a19.png,1,0,0,0,0,10000,2,zoom_in,-300,19
cfg_10000_zoom_in_a20.png,1,0,0,0,0,10000,2,zoom_in,-300,20
cfg_10000_zoom_in_a21.png,1,0,0,0,0,10000,2,zoom_in,-300,21
cfg_10000_zoom_in_a22.png,1,0,0,0,0,10000,2,zoom_in,-300,22
cfg_10000_zoom_in_a23.png,1,0,0,0,0,10000,2,zoom_in,-300,23
cfg_10001_zoom_out_a00.png,1,0,0,0,1,10001,0,zoom_out,300,0
cfg_10001_zoom_out_a01.png,1,0,0,0,1,10001,0,zoom_out,300,1
cfg_10001_zoom_out_a02.png,1,0,0,0,1,10001,0,zoom_out,300,2
cfg_10001_zoom_out_a03.png,1,0,0,0,1,10001,0,zoom_out,300,3
cfg_10001_zoom_out_a04.png,1,0,0,0,1,10001,0,zoom_out,300,4
cfg_10001_zoom_out_a05.png,1,0,0,0,1,10001,0,zoom_out,300,5
cfg_10001_zoom_out_a06.png,1,0,0,0,1,10001,0,zoom_out,300,6
cfg_10001_zoom_out_a07.png,1,0,0,0,1,10001,0,zoom_out,300,7
cfg_10001_zoom_out_a08.png,1,0,0,0,1,10001,0,zoom_out,300,8
cfg_10001_zoom_out_a09.png,1,0,0,0,1,10001,0,zoom_out,300,9
cfg_10001_zoom_out_a10.png,1,0,0,0,1,10001,0,zoom_out,300,10
cfg_10001_zoom_out_a11.png,1,0,0,0,1,10001,0,zoom_out,300,11
cfg_10001_zoom_out_a12.png,1,0,0,0,1,10001,0,zoom_out,300,12
cfg_10001_zoom_out_a13.png,1,0,0,0,1,10001,0,zoom_out,300,13
cfg_10001_zoom_out_a14.png,1,0,0,0,1,10001,0,zoom_out,300,14
cfg_10001_zoom_out_a15.png,1,0,0,0,1,10001,0,zoom_out,300,15
cfg_10001_zoom_out_a16.png,1,0,0,0,1,10001,0,zoom_out,300,16
cfg_10001_zoom_out_a17.png,1,0,0,0,1,10001,0,zoom_out,300,17
cfg_10001_zoom_out_a18.png,1,0,0,0,1,10001,0,zoom_out,300,18
cfg_10001_zoom_out_a19.png,1,0,0,0,1,10001,0,zoom_out,300,19
cfg_10001_zoom_out_a20.png,1,0,0,0,1,10001,0,zoom_out,300,20
cfg_10001_zoom_out_a21.png,1,0,0,0,1,10001,0,zoom_out,300,21
cfg_10001_zoom_out_a22.png,1,0,0,0,1,10001,0,zoom_out,300,22
cfg_10001_zoom_out_a23.png,1,0,0,0,1,10001,0,zoom_out,300,23
cfg_10001_normal_a00.png,1,0,0,0,1,10001,1,normal,0,0
cfg_10001_normal_a01.png,1,0,0,0,1,10001,1,normal,0,1
cfg_10001_normal_a02.png,1,0,0,0,1,10001,1,normal,0,2
cfg_10001_normal_a03.png,1,0,0,0,1,10001,1,normal,0,3
cfg_10001_normal_a04.png,1,0,0,0,1,10001,1,normal,0,4
cfg_10001_normal_a05.png,1,0,0,0,1,10001,1,normal,0,5
cfg_10001_normal_a06.png,1,0,0,0,1,10001,1,normal,0,6
cfg_10001_normal_a07.png,1,0,0,0,1,10001,1,normal,0,7
cfg_10001_normal_a08.png,1,0,0,0,1,10001,1,normal,0,8
cfg_10001_normal_a09.png,1,0,0,0,1,10001,1,normal,0,9
cfg_10001_normal_a10.png,1,0,0,0,1,10001,1,normal,0,10
cfg_10001_normal_a11.png,1,0,0,0,1,10001,1,normal,0,11
cfg_10001_normal_a12.png,1,0,0,0,1,10001,1,normal,0,12
cfg_10001_normal_a13.png,1,0,0,0,1,10001,1,normal,0,13
cfg_10001_normal_a14.png,1,0,0,0,1,10001,1,normal,0,14
cfg_10001_normal_a15.png,1,0,0,0,1,10001,1,normal,0,15
cfg_10001_normal_a16.png,1,0,0,0,1,10001,1,normal,0,16
cfg_10001_normal_a17.png,1,0,0,0,1,10001,1,normal,0,17
cfg_10001_normal_a18.png,1,0,0,0,1,10001,1,normal,0,18
cfg_10001_normal_a19.png,1,0,0,0,1,10001,1,normal,0,19
cfg_10001_normal_a20.png,1,0,0,0,1,10001,1,normal,0,20
cfg_10001_normal_a21.png,1,0,0,0,1,10001,1,normal,0,21
cfg_10001_normal_a22.png,1,0,0,0,1,10001,1,normal,0,22
cfg_10001_normal_a23.png,1,0,0,0,1,10001,1,normal,0,23
cfg_10001_zoom_in_a00.png,1,0,0,0,1,10001,2,zoom_in,-300,0
cfg_10001_zoom_in_a01.png,1,0,0,0,1,10001,2,zoom_in,-300,1
cfg_10001_zoom_in_a02.png,1,0,0,0,1,10001,2,zoom_in,-300,2
cfg_10001_zoom_in_a03.png,1,0,0,0,1,10001,2,zoom_in,-300,3
cfg_10001_zoom_in_a04.png,1,0,0,0,1,10001,2,zoom_in,-300,4
cfg_10001_zoom_in_a05.png,1,0,0,0,1,10001,2,zoom_in,-300,5
cfg_10001_zoom_in_a06.png,1,0,0,0,1,10001,2,zoom_in,-300,6
cfg_10001_zoom_in_a07.png,1,0,0,0,1,10001,2,zoom_in,-300,7
cfg_10001_zoom_in_a08.png,1,0,0,0,1,10001,2,zoom_in,-300,8
cfg_10001_zoom_in_a09.png,1,0,0,0,1,10001,2,zoom_in,-300,9
cfg_10001_zoom_in_a10.png,1,0,0,0,1,10001,2,zoom_in,-300,10
cfg_10001_zoom_in_a11.png,1,0,0,0,1,10001,2,zoom_in,-300,11
cfg_10001_zoom_in_a12.png,1,0,0,0,1,10001,2,zoom_in,-300,12
cfg_10001_zoom_in_a13.png,1,0,0,0,1,10001,2,zoom_in,-300,13
cfg_10001_zoom_in_a14.png,1,0,0,0,1,10001,2,zoom_in,-300,14
cfg_10001_zoom_in_a15.png,1,0,0,0,1,10001,2,zoom_in,-300,15
cfg_10001_zoom_in_a16.png,1,0,0,0,1,10001,2,zoom_in,-300,16
cfg_10001_zoom_in_a17.png,1,0,0,0,1,10001,2,zoom_in,-300,17
cfg_10001_zoom_in_a18.png,1,0,0,0,1,10001,2,zoom_in,-300,18
cfg_10001_zoom_in_a19.png,1,0,0,0,1,10001,2,zoom_in,-300,19
cfg_10001_zoom_in_a20.png,1,0,0,0,1,10001,2,zoom_in,-300,20
cfg_10001_zoom_in_a21.png,1,0,0,0,1,10001,2,zoom_in,-300,21
cfg_10001_zoom_in_a22.png,1,0,0,0,1,10001,2,zoom_in,-300,22
cfg_10001_zoom_in_a23.png,1,0,0,0,1,10001,2,zoom_in,-300,23
cfg_10010_zoom_out_a00.png,1,0,0,1,0,10010,0,zoom_out,300,0
cfg_10010_zoom_out_a01.png,1,0,0,1,0,10010,0,zoom_out,300,1
cfg_10010_zoom_out_a02.png,1,0,0,1,0,10010,0,zoom_out,300,2
cfg_10010_zoom_out_a03.png,1,0,0,1,0,10010,0,zoom_out,300,3
cfg_10010_zoom_out_a04.png,1,0,0,1,0,10010,0,zoom_out,300,4
cfg_10010_zoom_out_a05.png,1,0,0,1,0,10010,0,zoom_out,300,5
cfg_10010_zoom_out_a06.png,1,0,0,1,0,10010,0,zoom_out,300,6
cfg_10010_zoom_out_a07.png,1,0,0,1,0,10010,0,zoom_out,300,7
cfg_10010_zoom_out_a08.png,1,0,0,1,0,10010,0,zoom_out,300,8
cfg_10010_zoom_out_a09.png,1,0,0,1,0,10010,0,zoom_out,300,9
cfg_10010_zoom_out_a10.png,1,0,0,1,0,10010,0,zoom_out,300,10
cfg_10010_zoom_out_a11.png,1,0,0,1,0,10010,0,zoom_out,300,11
cfg_10010_zoom_out_a12.png,1,0,0,1,0,10010,0,zoom_out,300,12
cfg_10010_zoom_out_a13.png,1,0,0,1,0,10010,0,zoom_out,300,13
cfg_10010_zoom_out_a14.png,1,0,0,1,0,10010,0,zoom_out,300,14
cfg_10010_zoom_out_a15.png,1,0,0,1,0,10010,0,zoom_out,300,15
cfg_10010_zoom_out_a16.png,1,0,0,1,0,10010,0,zoom_out,300,16
cfg_10010_zoom_out_a17.png,1,0,0,1,0,10010,0,zoom_out,300,17
cfg_10010_zoom_out_a18.png,1,0,0,1,0,10010,0,zoom_out,300,18
cfg_10010_zoom_out_a19.png,1,0,0,1,0,10010,0,zoom_out,300,19
cfg_10010_zoom_out_a20.png,1,0,0,1,0,10010,0,zoom_out,300,20
cfg_10010_zoom_out_a21.png,1,0,0,1,0,10010,0,zoom_out,300,21
cfg_10010_zoom_out_a22.png,1,0,0,1,0,10010,0,zoom_out,300,22
cfg_10010_zoom_out_a23.png,1,0,0,1,0,10010,0,zoom_out,300,23
cfg_10010_normal_a00.png,1,0,0,1,0,10010,1,normal,0,0
cfg_10010_normal_a01.png,1,0,0,1,0,10010,1,normal,0,1
cfg_10010_normal_a02.png,1,0,0,1,0,10010,1,normal,0,2
cfg_10010_normal_a03.png,1,0,0,1,0,10010,1,normal,0,3
cfg_10010_normal_a04.png,1,0,0,1,0,10010,1,normal,0,4
cfg_10010_normal_a05.png,1,0,0,1,0,10010,1,normal,0,5
cfg_10010_normal_a06.png,1,0,0,1,0,10010,1,normal,0,6
cfg_10010_normal_a07.png,1,0,0,1,0,10010,1,normal,0,7
cfg_10010_normal_a08.png,1,0,0,1,0,10010,1,normal,0,8
cfg_10010_normal_a09.png,1,0,0,1,0,10010,1,normal,0,9
cfg_10010_normal_a10.png,1,0,0,1,0,10010,1,normal,0,10
cfg_10010_normal_a11.png,1,0,0,1,0,10010,1,normal,0,11
cfg_10010_normal_a12.png,1,0,0,1,0,10010,1,normal,0,12
cfg_10010_normal_a13.png,1,0,0,1,0,10010,1,normal,0,13
cfg_10010_normal_a14.png,1,0,0,1,0,10010,1,normal,0,14
cfg_10010_normal_a15.png,1,0,0,1,0,10010,1,normal,0,15
cfg_10010_normal_a16.png,1,0,0,1,0,10010,1,normal,0,16
cfg_10010_normal_a17.png,1,0,0,1,0,10010,1,normal,0,17
cfg_10010_normal_a18.png,1,0,0,1,0,10010,1,normal,0,18
cfg_10010_normal_a19.png,1,0,0,1,0,10010,1,normal,0,19
cfg_10010_normal_a20.png,1,0,0,1,0,10010,1,normal,0,20
cfg_10010_normal_a21.png,1,0,0,1,0,10010,1,normal,0,21
cfg_10010_normal_a22.png,1,0,0,1,0,10010,1,normal,0,22
cfg_10010_normal_a23.png,1,0,0,1,0,10010,1,normal,0,23
cfg_10010_zoom_in_a00.png,1,0,0,1,0,10010,2,zoom_in,-300,0
cfg_10010_zoom_in_a01.png,1,0,0,1,0,10010,2,zoom_in,-300,1
cfg_10010_zoom_in_a02.png,1,0,0,1,0,10010,2,zoom_in,-300,2
cfg_10010_zoom_in_a03.png,1,0,0,1,0,10010,2,zoom_in,-300,3
cfg_10010_zoom_in_a04.png,1,0,0,1,0,10010,2,zoom_in,-300,4
cfg_10010_zoom_in_a05.png,1,0,0,1,0,10010,2,zoom_in,-300,5
cfg_10010_zoom_in_a06.png,1,0,0,1,0,10010,2,zoom_in,-300,6
cfg_10010_zoom_in_a07.png,1,0,0,1,0,10010,2,zoom_in,-300,7
cfg_10010_zoom_in_a08.png,1,0,0,1,0,10010,2,zoom_in,-300,8
cfg_10010_zoom_in_a09.png,1,0,0,1,0,10010,2,zoom_in,-300,9
cfg_10010_zoom_in_a10.png,1,0,0,1,0,10010,2,zoom_in,-300,10
cfg_10010_zoom_in_a11.png,1,0,0,1,0,10010,2,zoom_in,-300,11
cfg_10010_zoom_in_a12.png,1,0,0,1,0,10010,2,zoom_in,-300,12
cfg_10010_zoom_in_a13.png,1,0,0,1,0,10010,2,zoom_in,-300,13
cfg_10010_zoom_in_a14.png,1,0,0,1,0,10010,2,zoom_in,-300,14
cfg_10010_zoom_in_a15.png,1,0,0,1,0,10010,2,zoom_in,-300,15
cfg_10010_zoom_in_a16.png,1,0,0,1,0,10010,2,zoom_in,-300,16
cfg_10010_zoom_in_a17.png,1,0,0,1,0,10010,2,zoom_in,-300,17
cfg_10010_zoom_in_a18.png,1,0,0,1,0,10010,2,zoom_in,-300,18
cfg_10010_zoom_in_a19.png,1,0,0,1,0,10010,2,zoom_in,-300,19
cfg_10010_zoom_in_a20.png,1,0,0,1,0,10010,2,zoom_in,-300,20
cfg_10010_zoom_in_a21.png,1,0,0,1,0,10010,2,zoom_in,-300,21
cfg_10010_zoom_in_a22.png,1,0,0,1,0,10010,2,zoom_in,-300,22
cfg_10010_zoom_in_a23.png,1,0,0,1,0,10010,2,zoom_in,-300,23
cfg_10011_zoom_out_a00.png,1,0,0,1,1,10011,0,zoom_out,300,0
cfg_10011_zoom_out_a01.png,1,0,0,1,1,10011,0,zoom_out,300,1
cfg_10011_zoom_out_a02.png,1,0,0,1,1,10011,0,zoom_out,300,2
cfg_10011_zoom_out_a03.png,1,0,0,1,1,10011,0,zoom_out,300,3
cfg_10011_zoom_out_a04.png,1,0,0,1,1,10011,0,zoom_out,300,4
cfg_10011_zoom_out_a05.png,1,0,0,1,1,10011,0,zoom_out,300,5
cfg_10011_zoom_out_a06.png,1,0,0,1,1,10011,0,zoom_out,300,6
cfg_10011_zoom_out_a07.png,1,0,0,1,1,10011,0,zoom_out,300,7
cfg_10011_zoom_out_a08.png,1,0,0,1,1,10011,0,zoom_out,300,8
cfg_10011_zoom_out_a09.png,1,0,0,1,1,10011,0,zoom_out,300,9
cfg_10011_zoom_out_a10.png,1,0,0,1,1,10011,0,zoom_out,300,10
cfg_10011_zoom_out_a11.png,1,0,0,1,1,10011,0,zoom_out,300,11
cfg_10011_zoom_out_a12.png,1,0,0,1,1,10011,0,zoom_out,300,12
cfg_10011_zoom_out_a13.png,1,0,0,1,1,10011,0,zoom_out,300,13
cfg_10011_zoom_out_a14.png,1,0,0,1,1,10011,0,zoom_out,300,14
cfg_10011_zoom_out_a15.png,1,0,0,1,1,10011,0,zoom_out,300,15
cfg_10011_zoom_out_a16.png,1,0,0,1,1,10011,0,zoom_out,300,16
cfg_10011_zoom_out_a17.png,1,0,0,1,1,10011,0,zoom_out,300,17
cfg_10011_zoom_out_a18.png,1,0,0,1,1,10011,0,zoom_out,300,18
cfg_10011_zoom_out_a19.png,1,0,0,1,1,10011,0,zoom_out,300,19
cfg_10011_zoom_out_a20.png,1,0,0,1,1,10011,0,zoom_out,300,20
cfg_10011_zoom_out_a21.png,1,0,0,1,1,10011,0,zoom_out,300,21
cfg_10011_zoom_out_a22.png,1,0,0,1,1,10011,0,zoom_out,300,22
cfg_10011_zoom_out_a23.png,1,0,0,1,1,10011,0,zoom_out,300,23
cfg_10011_normal_a00.png,1,0,0,1,1,10011,1,normal,0,0
cfg_10011_normal_a01.png,1,0,0,1,1,10011,1,normal,0,1
cfg_10011_normal_a02.png,1,0,0,1,1,10011,1,normal,0,2
cfg_10011_normal_a03.png,1,0,0,1,1,10011,1,normal,0,3
cfg_10011_normal_a04.png,1,0,0,1,1,10011,1,normal,0,4
cfg_10011_normal_a05.png,1,0,0,1,1,10011,1,normal,0,5
cfg_10011_normal_a06.png,1,0,0,1,1,10011,1,normal,0,6
cfg_10011_normal_a07.png,1,0,0,1,1,10011,1,normal,0,7
cfg_10011_normal_a08.png,1,0,0,1,1,10011,1,normal,0,8
cfg_10011_normal_a09.png,1,0,0,1,1,10011,1,normal,0,9
cfg_10011_normal_a10.png,1,0,0,1,1,10011,1,normal,0,10
cfg_10011_normal_a11.png,1,0,0,1,1,10011,1,normal,0,11
cfg_10011_normal_a12.png,1,0,0,1,1,10011,1,normal,0,12
cfg_10011_normal_a13.png,1,0,0,1,1,10011,1,normal,0,13
cfg_10011_normal_a14.png,1,0,0,1,1,10011,1,normal,0,14
cfg_10011_normal_a15.png,1,0,0,1,1,10011,1,normal,0,15
cfg_10011_normal_a16.png,1,0,0,1,1,10011,1,normal,0,16
cfg_10011_normal_a17.png,1,0,0,1,1,10011,1,normal,0,17
cfg_10011_normal_a18.png,1,0,0,1,1,10011,1,normal,0,18
cfg_10011_normal_a19.png,1,0,0,1,1,10011,1,normal,0,19
cfg_10011_normal_a20.png,1,0,0,1,1,10011,1,normal,0,20
cfg_10011_normal_a21.png,1,0,0,1,1,10011,1,normal,0,21
cfg_10011_normal_a22.png,1,0,0,1,1,10011,1,normal,0,22
cfg_10011_normal_a23.png,1,0,0,1,1,10011,1,normal,0,23
cfg_10011_zoom_in_a00.png,1,0,0,1,1,10011,2,zoom_in,-300,0
cfg_10011_zoom_in_a01.png,1,0,0,1,1,10011,2,zoom_in,-300,1
cfg_10011_zoom_in_a02.png,1,0,0,1,1,10011,2,zoom_in,-300,2
cfg_10011_zoom_in_a03.png,1,0,0,1,1,10011,2,zoom_in,-300,3
cfg_10011_zoom_in_a04.png,1,0,0,1,1,10011,2,zoom_in,-300,4
cfg_10011_zoom_in_a05.png,1,0,0,1,1,10011,2,zoom_in,-300,5
cfg_10011_zoom_in_a06.png,1,0,0,1,1,10011,2,zoom_in,-300,6
cfg_10011_zoom_in_a07.png,1,0,0,1,1,10011,2,zoom_in,-300,7
cfg_10011_zoom_in_a08.png,1,0,0,1,1,10011,2,zoom_in,-300,8
cfg_10011_zoom_in_a09.png,1,0,0,1,1,10011,2,zoom_in,-300,9
cfg_10011_zoom_in_a10.png,1,0,0,1,1,10011,2,zoom_in,-300,10
cfg_10011_zoom_in_a11.png,1,0,0,1,1,10011,2,zoom_in,-300,11
cfg_10011_zoom_in_a12.png,1,0,0,1,1,10011,2,zoom_in,-300,12
cfg_10011_zoom_in_a13.png,1,0,0,1,1,10011,2,zoom_in,-300,13
cfg_10011_zoom_in_a14.png,1,0,0,1,1,10011,2,zoom_in,-300,14
cfg_10011_zoom_in_a15.png,1,0,0,1,1,10011,2,zoom_in,-300,15
cfg_10011_zoom_in_a16.png,1,0,0,1,1,10011,2,zoom_in,-300,16
cfg_10011_zoom_in_a17.png,1,0,0,1,1,10011,2,zoom_in,-300,17
cfg_10011_zoom_in_a18.png,1,0,0,1,1,10011,2,zoom_in,-300,18
cfg_10011_zoom_in_a19.png,1,0,0,1,1,10011,2,zoom_in,-300,19
cfg_10011_zoom_in_a20.png,1,0,0,1,1,10011,2,zoom_in,-300,20
cfg_10011_zoom_in_a21.png,1,0,0,1,1,10011,2,zoom_in,-300,21
cfg_10011_zoom_in_a22.png,1,0,0,1,1,10011,2,zoom_in,-300,22
cfg_10011_zoom_in_a23.png,1,0,0,1,1,10011,2,zoom_in,-300,23
cfg_10100_zoom_out_a00.png,1,0,1,0,0,10100,0,zoom_out,300,0
cfg_10100_zoom_out_a01.png,1,0,1,0,0,10100,0,zoom_out,300,1
cfg_10100_zoom_out_a02.png,1,0,1,0,0,10100,0,zoom_out,300,2
cfg_10100_zoom_out_a03.png,1,0,1,0,0,10100,0,zoom_out,300,3
cfg_10100_zoom_out_a04.png,1,0,1,0,0,10100,0,zoom_out,300,4
cfg_10100_zoom_out_a05.png,1,0,1,0,0,10100,0,zoom_out,300,5
cfg_10100_zoom_out_a06.png,1,0,1,0,0,10100,0,zoom_out,300,6
cfg_10100_zoom_out_a07.png,1,0,1,0,0,10100,0,zoom_out,300,7
cfg_10100_zoom_out_a08.png,1,0,1,0,0,10100,0,zoom_out,300,8
cfg_10100_zoom_out_a09.png,1,0,1,0,0,10100,0,zoom_out,300,9
cfg_10100_zoom_out_a10.png,1,0,1,0,0,10100,0,zoom_out,300,10
cfg_10100_zoom_out_a11.png,1,0,1,0,0,10100,0,zoom_out,300,11
cfg_10100_zoom_out_a12.png,1,0,1,0,0,10100,0,zoom_out,300,12
cfg_10100_zoom_out_a13.png,1,0,1,0,0,10100,0,zoom_out,300,13
cfg_10100_zoom_out_a14.png,1,0,1,0,0,10100,0,zoom_out,300,14
cfg_10100_zoom_out_a15.png,1,0,1,0,0,10100,0,zoom_out,300,15
cfg_10100_zoom_out_a16.png,1,0,1,0,0,10100,0,zoom_out,300,16
cfg_10100_zoom_out_a17.png,1,0,1,0,0,10100,0,zoom_out,300,17
cfg_10100_zoom_out_a18.png,1,0,1,0,0,10100,0,zoom_out,300,18
cfg_10100_zoom_out_a19.png,1,0,1,0,0,10100,0,zoom_out,300,19
cfg_10100_zoom_out_a20.png,1,0,1,0,0,10100,0,zoom_out,300,20
cfg_10100_zoom_out_a21.png,1,0,1,0,0,10100,0,zoom_out,300,21
cfg_10100_zoom_out_a22.png,1,0,1,0,0,10100,0,zoom_out,300,22
cfg_10100_zoom_out_a23.png,1,0,1,0,0,10100,0,zoom_out,300,23
cfg_10100_normal_a00.png,1,0,1,0,0,10100,1,normal,0,0
cfg_10100_normal_a01.png,1,0,1,0,0,10100,1,normal,0,1
cfg_10100_normal_a02.png,1,0,1,0,0,10100,1,normal,0,2
cfg_10100_normal_a03.png,1,0,1,0,0,10100,1,normal,0,3
cfg_10100_normal_a04.png,1,0,1,0,0,10100,1,normal,0,4
cfg_10100_normal_a05.png,1,0,1,0,0,10100,1,normal,0,5
cfg_10100_normal_a06.png,1,0,1,0,0,10100,1,normal,0,6
cfg_10100_normal_a07.png,1,0,1,0,0,10100,1,normal,0,7
cfg_10100_normal_a08.png,1,0,1,0,0,10100,1,normal,0,8
cfg_10100_normal_a09.png,1,0,1,0,0,10100,1,normal,0,9
cfg_10100_normal_a10.png,1,0,1,0,0,10100,1,normal,0,10
cfg_10100_normal_a11.png,1,0,1,0,0,10100,1,normal,0,11
cfg_10100_normal_a12.png,1,0,1,0,0,10100,1,normal,0,12
cfg_10100_normal_a13.png,1,0,1,0,0,10100,1,normal,0,13
cfg_10100_normal_a14.png,1,0,1,0,0,10100,1,normal,0,14
cfg_10100_normal_a15.png,1,0,1,0,0,10100,1,normal,0,15
cfg_10100_normal_a16.png,1,0,1,0,0,10100,1,normal,0,16
cfg_10100_normal_a17.png,1,0,1,0,0,10100,1,normal,0,17
cfg_10100_normal_a18.png,1,0,1,0,0,10100,1,normal,0,18
cfg_10100_normal_a19.png,1,0,1,0,0,10100,1,normal,0,19
cfg_10100_normal_a20.png,1,0,1,0,0,10100,1,normal,0,20
cfg_10100_normal_a21.png,1,0,1,0,0,10100,1,normal,0,21
cfg_10100_normal_a22.png,1,0,1,0,0,10100,1,normal,0,22
cfg_10100_normal_a23.png,1,0,1,0,0,10100,1,normal,0,23
cfg_10100_zoom_in_a00.png,1,0,1,0,0,10100,2,zoom_in,-300,0
cfg_10100_zoom_in_a01.png,1,0,1,0,0,10100,2,zoom_in,-300,1
cfg_10100_zoom_in_a02.png,1,0,1,0,0,10100,2,zoom_in,-300,2
cfg_10100_zoom_in_a03.png,1,0,1,0,0,10100,2,zoom_in,-300,3
cfg_10100_zoom_in_a04.png,1,0,1,0,0,10100,2,zoom_in,-300,4
cfg_10100_zoom_in_a05.png,1,0,1,0,0,10100,2,zoom_in,-300,5
cfg_10100_zoom_in_a06.png,1,0,1,0,0,10100,2,zoom_in,-300,6
cfg_10100_zoom_in_a07.png,1,0,1,0,0,10100,2,zoom_in,-300,7
cfg_10100_zoom_in_a08.png,1,0,1,0,0,10100,2,zoom_in,-300,8
cfg_10100_zoom_in_a09.png,1,0,1,0,0,10100,2,zoom_in,-300,9
cfg_10100_zoom_in_a10.png,1,0,1,0,0,10100,2,zoom_in,-300,10
cfg_10100_zoom_in_a11.png,1,0,1,0,0,10100,2,zoom_in,-300,11
cfg_10100_zoom_in_a12.png,1,0,1,0,0,10100,2,zoom_in,-300,12
cfg_10100_zoom_in_a13.png,1,0,1,0,0,10100,2,zoom_in,-300,13
cfg_10100_zoom_in_a14.png,1,0,1,0,0,10100,2,zoom_in,-300,14
cfg_10100_zoom_in_a15.png,1,0,1,0,0,10100,2,zoom_in,-300,15
cfg_10100_zoom_in_a16.png,1,0,1,0,0,10100,2,zoom_in,-300,16
cfg_10100_zoom_in_a17.png,1,0,1,0,0,10100,2,zoom_in,-300,17
cfg_10100_zoom_in_a18.png,1,0,1,0,0,10100,2,zoom_in,-300,18
cfg_10100_zoom_in_a19.png,1,0,1,0,0,10100,2,zoom_in,-300,19
cfg_10100_zoom_in_a20.png,1,0,1,0,0,10100,2,zoom_in,-300,20
cfg_10100_zoom_in_a21.png,1,0,1,0,0,10100,2,zoom_in,-300,21
cfg_10100_zoom_in_a22.png,1,0,1,0,0,10100,2,zoom_in,-300,22
cfg_10100_zoom_in_a23.png,1,0,1,0,0,10100,2,zoom_in,-300,23
cfg_10101_zoom_out_a00.png,1,0,1,0,1,10101,0,zoom_out,300,0
cfg_10101_zoom_out_a01.png,1,0,1,0,1,10101,0,zoom_out,300,1
cfg_10101_zoom_out_a02.png,1,0,1,0,1,10101,0,zoom_out,300,2
cfg_10101_zoom_out_a03.png,1,0,1,0,1,10101,0,zoom_out,300,3
cfg_10101_zoom_out_a04.png,1,0,1,0,1,10101,0,zoom_out,300,4
cfg_10101_zoom_out_a05.png,1,0,1,0,1,10101,0,zoom_out,300,5
cfg_10101_zoom_out_a06.png,1,0,1,0,1,10101,0,zoom_out,300,6
cfg_10101_zoom_out_a07.png,1,0,1,0,1,10101,0,zoom_out,300,7
cfg_10101_zoom_out_a08.png,1,0,1,0,1,10101,0,zoom_out,300,8
cfg_10101_zoom_out_a09.png,1,0,1,0,1,10101,0,zoom_out,300,9
cfg_10101_zoom_out_a10.png,1,0,1,0,1,10101,0,zoom_out,300,10
cfg_10101_zoom_out_a11.png,1,0,1,0,1,10101,0,zoom_out,300,11
cfg_10101_zoom_out_a12.png,1,0,1,0,1,10101,0,zoom_out,300,12
cfg_10101_zoom_out_a13.png,1,0,1,0,1,10101,0,zoom_out,300,13
cfg_10101_zoom_out_a14.png,1,0,1,0,1,10101,0,zoom_out,300,14
cfg_10101_zoom_out_a15.png,1,0,1,0,1,10101,0,zoom_out,300,15
cfg_10101_zoom_out_a16.png,1,0,1,0,1,10101,0,zoom_out,300,16
cfg_10101_zoom_out_a17.png,1,0,1,0,1,10101,0,zoom_out,300,17
cfg_10101_zoom_out_a18.png,1,0,1,0,1,10101,0,zoom_out,300,18
cfg_10101_zoom_out_a19.png,1,0,1,0,1,10101,0,zoom_out,300,19
cfg_10101_zoom_out_a20.png,1,0,1,0,1,10101,0,zoom_out,300,20
cfg_10101_zoom_out_a21.png,1,0,1,0,1,10101,0,zoom_out,300,21
cfg_10101_zoom_out_a22.png,1,0,1,0,1,10101,0,zoom_out,300,22
cfg_10101_zoom_out_a23.png,1,0,1,0,1,10101,0,zoom_out,300,23
cfg_10101_normal_a00.png,1,0,1,0,1,10101,1,normal,0,0
cfg_10101_normal_a01.png,1,0,1,0,1,10101,1,normal,0,1
cfg_10101_normal_a02.png,1,0,1,0,1,10101,1,normal,0,2
cfg_10101_normal_a03.png,1,0,1,0,1,10101,1,normal,0,3
cfg_10101_normal_a04.png,1,0,1,0,1,10101,1,normal,0,4
cfg_10101_normal_a05.png,1,0,1,0,1,10101,1,normal,0,5
cfg_10101_normal_a06.png,1,0,1,0,1,10101,1,normal,0,6
cfg_10101_normal_a07.png,1,0,1,0,1,10101,1,normal,0,7
cfg_10101_normal_a08.png,1,0,1,0,1,10101,1,normal,0,8
cfg_10101_normal_a09.png,1,0,1,0,1,10101,1,normal,0,9
cfg_10101_normal_a10.png,1,0,1,0,1,10101,1,normal,0,10
cfg_10101_normal_a11.png,1,0,1,0,1,10101,1,normal,0,11
cfg_10101_normal_a12.png,1,0,1,0,1,10101,1,normal,0,12
cfg_10101_normal_a13.png,1,0,1,0,1,10101,1,normal,0,13
cfg_10101_normal_a14.png,1,0,1,0,1,10101,1,normal,0,14
cfg_10101_normal_a15.png,1,0,1,0,1,10101,1,normal,0,15
cfg_10101_normal_a16.png,1,0,1,0,1,10101,1,normal,0,16
cfg_10101_normal_a17.png,1,0,1,0,1,10101,1,normal,0,17
cfg_10101_normal_a18.png,1,0,1,0,1,10101,1,normal,0,18
cfg_10101_normal_a19.png,1,0,1,0,1,10101,1,normal,0,19
cfg_10101_normal_a20.png,1,0,1,0,1,10101,1,normal,0,20
cfg_10101_normal_a21.png,1,0,1,0,1,10101,1,normal,0,21
cfg_10101_normal_a22.png,1,0,1,0,1,10101,1,normal,0,22
cfg_10101_normal_a23.png,1,0,1,0,1,10101,1,normal,0,23
cfg_10101_zoom_in_a00.png,1,0,1,0,1,10101,2,zoom_in,-300,0
cfg_10101_zoom_in_a01.png,1,0,1,0,1,10101,2,zoom_in,-300,1
cfg_10101_zoom_in_a02.png,1,0,1,0,1,10101,2,zoom_in,-300,2
cfg_10101_zoom_in_a03.png,1,0,1,0,1,10101,2,zoom_in,-300,3
cfg_10101_zoom_in_a04.png,1,0,1,0,1,10101,2,zoom_in,-300,4
cfg_10101_zoom_in_a05.png,1,0,1,0,1,10101,2,zoom_in,-300,5
cfg_10101_zoom_in_a06.png,1,0,1,0,1,10101,2,zoom_in,-300,6
cfg_10101_zoom_in_a07.png,1,0,1,0,1,10101,2,zoom_in,-300,7
cfg_10101_zoom_in_a08.png,1,0,1,0,1,10101,2,zoom_in,-300,8
cfg_10101_zoom_in_a09.png,1,0,1,0,1,10101,2,zoom_in,-300,9
cfg_10101_zoom_in_a10.png,1,0,1,0,1,10101,2,zoom_in,-300,10
cfg_10101_zoom_in_a11.png,1,0,1,0,1,10101,2,zoom_in,-300,11
cfg_10101_zoom_in_a12.png,1,0,1,0,1,10101,2,zoom_in,-300,12
cfg_10101_zoom_in_a13.png,1,0,1,0,1,10101,2,zoom_in,-300,13
cfg_10101_zoom_in_a14.png,1,0,1,0,1,10101,2,zoom_in,-300,14
cfg_10101_zoom_in_a15.png,1,0,1,0,1,10101,2,zoom_in,-300,15
cfg_10101_zoom_in_a16.png,1,0,1,0,1,10101,2,zoom_in,-300,16
cfg_10101_zoom_in_a17.png,1,0,1,0,1,10101,2,zoom_in,-300,17
cfg_10101_zoom_in_a18.png,1,0,1,0,1,10101,2,zoom_in,-300,18
cfg_10101_zoom_in_a19.png,1,0,1,0,1,10101,2,zoom_in,-300,19
cfg_10101_zoom_in_a20.png,1,0,1,0,1,10101,2,zoom_in,-300,20
cfg_10101_zoom_in_a21.png,1,0,1,0,1,10101,2,zoom_in,-300,21
cfg_10101_zoom_in_a22.png,1,0,1,0,1,10101,2,zoom_in,-300,22
cfg_10101_zoom_in_a23.png,1,0,1,0,1,10101,2,zoom_in,-300,23
cfg_10110_zoom_out_a00.png,1,0,1,1,0,10110,0,zoom_out,300,0
cfg_10110_zoom_out_a01.png,1,0,1,1,0,10110,0,zoom_out,300,1
cfg_10110_zoom_out_a02.png,1,0,1,1,0,10110,0,zoom_out,300,2
cfg_10110_zoom_out_a03.png,1,0,1,1,0,10110,0,zoom_out,300,3
cfg_10110_zoom_out_a04.png,1,0,1,1,0,10110,0,zoom_out,300,4
cfg_10110_zoom_out_a05.png,1,0,1,1,0,10110,0,zoom_out,300,5
cfg_10110_zoom_out_a06.png,1,0,1,1,0,10110,0,zoom_out,300,6
cfg_10110_zoom_out_a07.png,1,0,1,1,0,10110,0,zoom_out,300,7
cfg_10110_zoom_out_a08.png,1,0,1,1,0,10110,0,zoom_out,300,8
cfg_10110_zoom_out_a09.png,1,0,1,1,0,10110,0,zoom_out,300,9
cfg_10110_zoom_out_a10.png,1,0,1,1,0,10110,0,zoom_out,300,10
cfg_10110_zoom_out_a11.png,1,0,1,1,0,10110,0,zoom_out,300,11
cfg_10110_zoom_out_a12.png,1,0,1,1,0,10110,0,zoom_out,300,12
cfg_10110_zoom_out_a13.png,1,0,1,1,0,10110,0,zoom_out,300,13
cfg_10110_zoom_out_a14.png,1,0,1,1,0,10110,0,zoom_out,300,14
cfg_10110_zoom_out_a15.png,1,0,1,1,0,10110,0,zoom_out,300,15
cfg_10110_zoom_out_a16.png,1,0,1,1,0,10110,0,zoom_out,300,16
cfg_10110_zoom_out_a17.png,1,0,1,1,0,10110,0,zoom_out,300,17
cfg_10110_zoom_out_a18.png,1,0,1,1,0,10110,0,zoom_out,300,18
cfg_10110_zoom_out_a19.png,1,0,1,1,0,10110,0,zoom_out,300,19
cfg_10110_zoom_out_a20.png,1,0,1,1,0,10110,0,zoom_out,300,20
cfg_10110_zoom_out_a21.png,1,0,1,1,0,10110,0,zoom_out,300,21
cfg_10110_zoom_out_a22.png,1,0,1,1,0,10110,0,zoom_out,300,22
cfg_10110_zoom_out_a23.png,1,0,1,1,0,10110,0,zoom_out,300,23
cfg_10110_normal_a00.png,1,0,1,1,0,10110,1,normal,0,0
cfg_10110_normal_a01.png,1,0,1,1,0,10110,1,normal,0,1
cfg_10110_normal_a02.png,1,0,1,1,0,10110,1,normal,0,2
cfg_10110_normal_a03.png,1,0,1,1,0,10110,1,normal,0,3
cfg_10110_normal_a04.png,1,0,1,1,0,10110,1,normal,0,4
cfg_10110_normal_a05.png,1,0,1,1,0,10110,1,normal,0,5
cfg_10110_normal_a06.png,1,0,1,1,0,10110,1,normal,0,6
cfg_10110_normal_a07.png,1,0,1,1,0,10110,1,normal,0,7
cfg_10110_normal_a08.png,1,0,1,1,0,10110,1,normal,0,8
cfg_10110_normal_a09.png,1,0,1,1,0,10110,1,normal,0,9
cfg_10110_normal_a10.png,1,0,1,1,0,10110,1,normal,0,10
cfg_10110_normal_a11.png,1,0,1,1,0,10110,1,normal,0,11
cfg_10110_normal_a12.png,1,0,1,1,0,10110,1,normal,0,12
cfg_10110_normal_a13.png,1,0,1,1,0,10110,1,normal,0,13
cfg_10110_normal_a14.png,1,0,1,1,0,10110,1,normal,0,14
cfg_10110_normal_a15.png,1,0,1,1,0,10110,1,normal,0,15
cfg_10110_normal_a16.png,1,0,1,1,0,10110,1,normal,0,16
cfg_10110_normal_a17.png,1,0,1,1,0,10110,1,normal,0,17
cfg_10110_normal_a18.png,1,0,1,1,0,10110,1,normal,0,18
cfg_10110_normal_a19.png,1,0,1,1,0,10110,1,normal,0,19
cfg_10110_normal_a20.png,1,0,1,1,0,10110,1,normal,0,20
cfg_10110_normal_a21.png,1,0,1,1,0,10110,1,normal,0,21
cfg_10110_normal_a22.png,1,0,1,1,0,10110,1,normal,0,22
cfg_10110_normal_a23.png,1,0,1,1,0,10110,1,normal,0,23
cfg_10110_zoom_in_a00.png,1,0,1,1,0,10110,2,zoom_in,-300,0
cfg_10110_zoom_in_a01.png,1,0,1,1,0,10110,2,zoom_in,-300,1
cfg_10110_zoom_in_a02.png,1,0,1,1,0,10110,2,zoom_in,-300,2
cfg_10110_zoom_in_a03.png,1,0,1,1,0,10110,2,zoom_in,-300,3
cfg_10110_zoom_in_a04.png,1,0,1,1,0,10110,2,zoom_in,-300,4
cfg_10110_zoom_in_a05.png,1,0,1,1,0,10110,2,zoom_in,-300,5
cfg_10110_zoom_in_a06.png,1,0,1,1,0,10110,2,zoom_in,-300,6
cfg_10110_zoom_in_a07.png,1,0,1,1,0,10110,2,zoom_in,-300,7
cfg_10110_zoom_in_a08.png,1,0,1,1,0,10110,2,zoom_in,-300,8
cfg_10110_zoom_in_a09.png,1,0,1,1,0,10110,2,zoom_in,-300,9
cfg_10110_zoom_in_a10.png,1,0,1,1,0,10110,2,zoom_in,-300,10
cfg_10110_zoom_in_a11.png,1,0,1,1,0,10110,2,zoom_in,-300,11
cfg_10110_zoom_in_a12.png,1,0,1,1,0,10110,2,zoom_in,-300,12
cfg_10110_zoom_in_a13.png,1,0,1,1,0,10110,2,zoom_in,-300,13
cfg_10110_zoom_in_a14.png,1,0,1,1,0,10110,2,zoom_in,-300,14
cfg_10110_zoom_in_a15.png,1,0,1,1,0,10110,2,zoom_in,-300,15
cfg_10110_zoom_in_a16.png,1,0,1,1,0,10110,2,zoom_in,-300,16
cfg_10110_zoom_in_a17.png,1,0,1,1,0,10110,2,zoom_in,-300,17
cfg_10110_zoom_in_a18.png,1,0,1,1,0,10110,2,zoom_in,-300,18
cfg_10110_zoom_in_a19.png,1,0,1,1,0,10110,2,zoom_in,-300,19
cfg_10110_zoom_in_a20.png,1,0,1,1,0,10110,2,zoom_in,-300,20
cfg_10110_zoom_in_a21.png,1,0,1,1,0,10110,2,zoom_in,-300,21
cfg_10110_zoom_in_a22.png,1,0,1,1,0,10110,2,zoom_in,-300,22
cfg_10110_zoom_in_a23.png,1,0,1,1,0,10110,2,zoom_in,-300,23
cfg_10111_zoom_out_a00.png,1,0,1,1,1,10111,0,zoom_out,300,0
cfg_10111_zoom_out_a01.png,1,0,1,1,1,10111,0,zoom_out,300,1
cfg_10111_zoom_out_a02.png,1,0,1,1,1,10111,0,zoom_out,300,2
cfg_10111_zoom_out_a03.png,1,0,1,1,1,10111,0,zoom_out,300,3
cfg_10111_zoom_out_a04.png,1,0,1,1,1,10111,0,zoom_out,300,4
cfg_10111_zoom_out_a05.png,1,0,1,1,1,10111,0,zoom_out,300,5
cfg_10111_zoom_out_a06.png,1,0,1,1,1,10111,0,zoom_out,300,6
cfg_10111_zoom_out_a07.png,1,0,1,1,1,10111,0,zoom_out,300,7
cfg_10111_zoom_out_a08.png,1,0,1,1,1,10111,0,zoom_out,300,8
cfg_10111_zoom_out_a09.png,1,0,1,1,1,10111,0,zoom_out,300,9
cfg_10111_zoom_out_a10.png,1,0,1,1,1,10111,0,zoom_out,300,10
cfg_10111_zoom_out_a11.png,1,0,1,1,1,10111,0,zoom_out,300,11
cfg_10111_zoom_out_a12.png,1,0,1,1,1,10111,0,zoom_out,300,12
cfg_10111_zoom_out_a13.png,1,0,1,1,1,10111,0,zoom_out,300,13
cfg_10111_zoom_out_a14.png,1,0,1,1,1,10111,0,zoom_out,300,14
cfg_10111_zoom_out_a15.png,1,0,1,1,1,10111,0,zoom_out,300,15
cfg_10111_zoom_out_a16.png,1,0,1,1,1,10111,0,zoom_out,300,16
cfg_10111_zoom_out_a17.png,1,0,1,1,1,10111,0,zoom_out,300,17
cfg_10111_zoom_out_a18.png,1,0,1,1,1,10111,0,zoom_out,300,18
cfg_10111_zoom_out_a19.png,1,0,1,1,1,10111,0,zoom_out,300,19
cfg_10111_zoom_out_a20.png,1,0,1,1,1,10111,0,zoom_out,300,20
cfg_10111_zoom_out_a21.png,1,0,1,1,1,10111,0,zoom_out,300,21
cfg_10111_zoom_out_a22.png,1,0,1,1,1,10111,0,zoom_out,300,22
cfg_10111_zoom_out_a23.png,1,0,1,1,1,10111,0,zoom_out,300,23
cfg_10111_normal_a00.png,1,0,1,1,1,10111,1,normal,0,0
cfg_10111_normal_a01.png,1,0,1,1,1,10111,1,normal,0,1
cfg_10111_normal_a02.png,1,0,1,1,1,10111,1,normal,0,2
cfg_10111_normal_a03.png,1,0,1,1,1,10111,1,normal,0,3
cfg_10111_normal_a04.png,1,0,1,1,1,10111,1,normal,0,4
cfg_10111_normal_a05.png,1,0,1,1,1,10111,1,normal,0,5
cfg_10111_normal_a06.png,1,0,1,1,1,10111,1,normal,0,6
cfg_10111_normal_a07.png,1,0,1,1,1,10111,1,normal,0,7
cfg_10111_normal_a08.png,1,0,1,1,1,10111,1,normal,0,8
cfg_10111_normal_a09.png,1,0,1,1,1,10111,1,normal,0,9
cfg_10111_normal_a10.png,1,0,1,1,1,10111,1,normal,0,10
cfg_10111_normal_a11.png,1,0,1,1,1,10111,1,normal,0,11
cfg_10111_normal_a12.png,1,0,1,1,1,10111,1,normal,0,12
cfg_10111_normal_a13.png,1,0,1,1,1,10111,1,normal,0,13
cfg_10111_normal_a14.png,1,0,1,1,1,10111,1,normal,0,14
cfg_10111_normal_a15.png,1,0,1,1,1,10111,1,normal,0,15
cfg_10111_normal_a16.png,1,0,1,1,1,10111,1,normal,0,16
cfg_10111_normal_a17.png,1,0,1,1,1,10111,1,normal,0,17
cfg_10111_normal_a18.png,1,0,1,1,1,10111,1,normal,0,18
cfg_10111_normal_a19.png,1,0,1,1,1,10111,1,normal,0,19
cfg_10111_normal_a20.png,1,0,1,1,1,10111,1,normal,0,20
cfg_10111_normal_a21.png,1,0,1,1,1,10111,1,normal,0,21
cfg_10111_normal_a22.png,1,0,1,1,1,10111,1,normal,0,22
cfg_10111_normal_a23.png,1,0,1,1,1,10111,1,normal,0,23
cfg_10111_zoom_in_a00.png,1,0,1,1,1,10111,2,zoom_in,-300,0
cfg_10111_zoom_in_a01.png,1,0,1,1,1,10111,2,zoom_in,-300,1
cfg_10111_zoom_in_a02.png,1,0,1,1,1,10111,2,zoom_in,-300,2
cfg_10111_zoom_in_a03.png,1,0,1,1,1,10111,2,zoom_in,-300,3
cfg_10111_zoom_in_a04.png,1,0,1,1,1,10111,2,zoom_in,-300,4
cfg_10111_zoom_in_a05.png,1,0,1,1,1,10111,2,zoom_in,-300,5
cfg_10111_zoom_in_a06.png,1,0,1,1,1,10111,2,zoom_in,-300,6
cfg_10111_zoom_in_a07.png,1,0,1,1,1,10111,2,zoom_in,-300,7
cfg_10111_zoom_in_a08.png,1,0,1,1,1,10111,2,zoom_in,-300,8
cfg_10111_zoom_in_a09.png,1,0,1,1,1,10111,2,zoom_in,-300,9
cfg_10111_zoom_in_a10.png,1,0,1,1,1,10111,2,zoom_in,-300,10
cfg_10111_zoom_in_a11.png,1,0,1,1,1,10111,2,zoom_in,-300,11
cfg_10111_zoom_in_a12.png,1,0,1,1,1,10111,2,zoom_in,-300,12
cfg_10111_zoom_in_a13.png,1,0,1,1,1,10111,2,zoom_in,-300,13
cfg_10111_zoom_in_a14.png,1,0,1,1,1,10111,2,zoom_in,-300,14
cfg_10111_zoom_in_a15.png,1,0,1,1,1,10111,2,zoom_in,-300,15
cfg_10111_zoom_in_a16.png,1,0,1,1,1,10111,2,zoom_in,-300,16
cfg_10111_zoom_in_a17.png,1,0,1,1,1,10111,2,zoom_in,-300,17
cfg_10111_zoom_in_a18.png,1,0,1,1,1,10111,2,zoom_in,-300,18
cfg_10111_zoom_in_a19.png,1,0,1,1,1,10111,2,zoom_in,-300,19
cfg_10111_zoom_in_a20.png,1,0,1,1,1,10111,2,zoom_in,-300,20
cfg_10111_zoom_in_a21.png,1,0,1,1,1,10111,2,zoom_in,-300,21
cfg_10111_zoom_in_a22.png,1,0,1,1,1,10111,2,zoom_in,-300,22
cfg_10111_zoom_in_a23.png,1,0,1,1,1,10111,2,zoom_in,-300,23
cfg_11000_zoom_out_a00.png,1,1,0,0,0,11000,0,zoom_out,300,0
cfg_11000_zoom_out_a01.png,1,1,0,0,0,11000,0,zoom_out,300,1
cfg_11000_zoom_out_a02.png,1,1,0,0,0,11000,0,zoom_out,300,2
cfg_11000_zoom_out_a03.png,1,1,0,0,0,11000,0,zoom_out,300,3
cfg_11000_zoom_out_a04.png,1,1,0,0,0,11000,0,zoom_out,300,4
cfg_11000_zoom_out_a05.png,1,1,0,0,0,11000,0,zoom_out,300,5
cfg_11000_zoom_out_a06.png,1,1,0,0,0,11000,0,zoom_out,300,6
cfg_11000_zoom_out_a07.png,1,1,0,0,0,11000,0,zoom_out,300,7
cfg_11000_zoom_out_a08.png,1,1,0,0,0,11000,0,zoom_out,300,8
cfg_11000_zoom_out_a09.png,1,1,0,0,0,11000,0,zoom_out,300,9
cfg_11000_zoom_out_a10.png,1,1,0,0,0,11000,0,zoom_out,300,10
cfg_11000_zoom_out_a11.png,1,1,0,0,0,11000,0,zoom_out,300,11
cfg_11000_zoom_out_a12.png,1,1,0,0,0,11000,0,zoom_out,300,12
cfg_11000_zoom_out_a13.png,1,1,0,0,0,11000,0,zoom_out,300,13
cfg_11000_zoom_out_a14.png,1,1,0,0,0,11000,0,zoom_out,300,14
cfg_11000_zoom_out_a15.png,1,1,0,0,0,11000,0,zoom_out,300,15
cfg_11000_zoom_out_a16.png,1,1,0,0,0,11000,0,zoom_out,300,16
cfg_11000_zoom_out_a17.png,1,1,0,0,0,11000,0,zoom_out,300,17
cfg_11000_zoom_out_a18.png,1,1,0,0,0,11000,0,zoom_out,300,18
cfg_11000_zoom_out_a19.png,1,1,0,0,0,11000,0,zoom_out,300,19
cfg_11000_zoom_out_a20.png,1,1,0,0,0,11000,0,zoom_out,300,20
cfg_11000_zoom_out_a21.png,1,1,0,0,0,11000,0,zoom_out,300,21
cfg_11000_zoom_out_a22.png,1,1,0,0,0,11000,0,zoom_out,300,22
cfg_11000_zoom_out_a23.png,1,1,0,0,0,11000,0,zoom_out,300,23
cfg_11000_normal_a00.png,1,1,0,0,0,11000,1,normal,0,0
cfg_11000_normal_a01.png,1,1,0,0,0,11000,1,normal,0,1
cfg_11000_normal_a02.png,1,1,0,0,0,11000,1,normal,0,2
cfg_11000_normal_a03.png,1,1,0,0,0,11000,1,normal,0,3
cfg_11000_normal_a04.png,1,1,0,0,0,11000,1,normal,0,4
cfg_11000_normal_a05.png,1,1,0,0,0,11000,1,normal,0,5
cfg_11000_normal_a06.png,1,1,0,0,0,11000,1,normal,0,6
cfg_11000_normal_a07.png,1,1,0,0,0,11000,1,normal,0,7
cfg_11000_normal_a08.png,1,1,0,0,0,11000,1,normal,0,8
cfg_11000_normal_a09.png,1,1,0,0,0,11000,1,normal,0,9
cfg_11000_normal_a10.png,1,1,0,0,0,11000,1,normal,0,10
cfg_11000_normal_a11.png,1,1,0,0,0,11000,1,normal,0,11
cfg_11000_normal_a12.png,1,1,0,0,0,11000,1,normal,0,12
cfg_11000_normal_a13.png,1,1,0,0,0,11000,1,normal,0,13
cfg_11000_normal_a14.png,1,1,0,0,0,11000,1,normal,0,14
cfg_11000_normal_a15.png,1,1,0,0,0,11000,1,normal,0,15
cfg_11000_normal_a16.png,1,1,0,0,0,11000,1,normal,0,16
cfg_11000_normal_a17.png,1,1,0,0,0,11000,1,normal,0,17
cfg_11000_normal_a18.png,1,1,0,0,0,11000,1,normal,0,18
cfg_11000_normal_a19.png,1,1,0,0,0,11000,1,normal,0,19
cfg_11000_normal_a20.png,1,1,0,0,0,11000,1,normal,0,20
cfg_11000_normal_a21.png,1,1,0,0,0,11000,1,normal,0,21
cfg_11000_normal_a22.png,1,1,0,0,0,11000,1,normal,0,22
cfg_11000_normal_a23.png,1,1,0,0,0,11000,1,normal,0,23
cfg_11000_zoom_in_a00.png,1,1,0,0,0,11000,2,zoom_in,-300,0
cfg_11000_zoom_in_a01.png,1,1,0,0,0,11000,2,zoom_in,-300,1
cfg_11000_zoom_in_a02.png,1,1,0,0,0,11000,2,zoom_in,-300,2
cfg_11000_zoom_in_a03.png,1,1,0,0,0,11000,2,zoom_in,-300,3
cfg_11000_zoom_in_a04.png,1,1,0,0,0,11000,2,zoom_in,-300,4
cfg_11000_zoom_in_a05.png,1,1,0,0,0,11000,2,zoom_in,-300,5
cfg_11000_zoom_in_a06.png,1,1,0,0,0,11000,2,zoom_in,-300,6
cfg_11000_zoom_in_a07.png,1,1,0,0,0,11000,2,zoom_in,-300,7
cfg_11000_zoom_in_a08.png,1,1,0,0,0,11000,2,zoom_in,-300,8
cfg_11000_zoom_in_a09.png,1,1,0,0,0,11000,2,zoom_in,-300,9
cfg_11000_zoom_in_a10.png,1,1,0,0,0,11000,2,zoom_in,-300,10
cfg_11000_zoom_in_a11.png,1,1,0,0,0,11000,2,zoom_in,-300,11
cfg_11000_zoom_in_a12.png,1,1,0,0,0,11000,2,zoom_in,-300,12
cfg_11000_zoom_in_a13.png,1,1,0,0,0,11000,2,zoom_in,-300,13
cfg_11000_zoom_in_a14.png,1,1,0,0,0,11000,2,zoom_in,-300,14
cfg_11000_zoom_in_a15.png,1,1,0,0,0,11000,2,zoom_in,-300,15
cfg_11000_zoom_in_a16.png,1,1,0,0,0,11000,2,zoom_in,-300,16
cfg_11000_zoom_in_a17.png,1,1,0,0,0,11000,2,zoom_in,-300,17
cfg_11000_zoom_in_a18.png,1,1,0,0,0,11000,2,zoom_in,-300,18
cfg_11000_zoom_in_a19.png,1,1,0,0,0,11000,2,zoom_in,-300,19
cfg_11000_zoom_in_a20.png,1,1,0,0,0,11000,2,zoom_in,-300,20
cfg_11000_zoom_in_a21.png,1,1,0,0,0,11000,2,zoom_in,-300,21
cfg_11000_zoom_in_a22.png,1,1,0,0,0,11000,2,zoom_in,-300,22
cfg_11000_zoom_in_a23.png,1,1,0,0,0,11000,2,zoom_in,-300,23
cfg_11001_zoom_out_a00.png,1,1,0,0,1,11001,0,zoom_out,300,0
cfg_11001_zoom_out_a01.png,1,1,0,0,1,11001,0,zoom_out,300,1
cfg_11001_zoom_out_a02.png,1,1,0,0,1,11001,0,zoom_out,300,2
cfg_11001_zoom_out_a03.png,1,1,0,0,1,11001,0,zoom_out,300,3
cfg_11001_zoom_out_a04.png,1,1,0,0,1,11001,0,zoom_out,300,4
cfg_11001_zoom_out_a05.png,1,1,0,0,1,11001,0,zoom_out,300,5
cfg_11001_zoom_out_a06.png,1,1,0,0,1,11001,0,zoom_out,300,6
cfg_11001_zoom_out_a07.png,1,1,0,0,1,11001,0,zoom_out,300,7
cfg_11001_zoom_out_a08.png,1,1,0,0,1,11001,0,zoom_out,300,8
cfg_11001_zoom_out_a09.png,1,1,0,0,1,11001,0,zoom_out,300,9
cfg_11001_zoom_out_a10.png,1,1,0,0,1,11001,0,zoom_out,300,10
cfg_11001_zoom_out_a11.png,1,1,0,0,1,11001,0,zoom_out,300,11
cfg_11001_zoom_out_a12.png,1,1,0,0,1,11001,0,zoom_out,300,12
cfg_11001_zoom_out_a13.png,1,1,0,0,1,11001,0,zoom_out,300,13
cfg_11001_zoom_out_a14.png,1,1,0,0,1,11001,0,zoom_out,300,14
cfg_11001_zoom_out_a15.png,1,1,0,0,1,11001,0,zoom_out,300,15
cfg_11001_zoom_out_a16.png,1,1,0,0,1,11001,0,zoom_out,300,16
cfg_11001_zoom_out_a17.png,1,1,0,0,1,11001,0,zoom_out,300,17
cfg_11001_zoom_out_a18.png,1,1,0,0,1,11001,0,zoom_out,300,18
cfg_11001_zoom_out_a19.png,1,1,0,0,1,11001,0,zoom_out,300,19
cfg_11001_zoom_out_a20.png,1,1,0,0,1,11001,0,zoom_out,300,20
cfg_11001_zoom_out_a21.png,1,1,0,0,1,11001,0,zoom_out,300,21
cfg_11001_zoom_out_a22.png,1,1,0,0,1,11001,0,zoom_out,300,22
cfg_11001_zoom_out_a23.png,1,1,0,0,1,11001,0,zoom_out,300,23
cfg_11001_normal_a00.png,1,1,0,0,1,11001,1,normal,0,0
cfg_11001_normal_a01.png,1,1,0,0,1,11001,1,normal,0,1
cfg_11001_normal_a02.png,1,1,0,0,1,11001,1,normal,0,2
cfg_11001_normal_a03.png,1,1,0,0,1,11001,1,normal,0,3
cfg_11001_normal_a04.png,1,1,0,0,1,11001,1,normal,0,4
cfg_11001_normal_a05.png,1,1,0,0,1,11001,1,normal,0,5
cfg_11001_normal_a06.png,1,1,0,0,1,11001,1,normal,0,6
cfg_11001_normal_a07.png,1,1,0,0,1,11001,1,normal,0,7
cfg_11001_normal_a08.png,1,1,0,0,1,11001,1,normal,0,8
cfg_11001_normal_a09.png,1,1,0,0,1,11001,1,normal,0,9
cfg_11001_normal_a10.png,1,1,0,0,1,11001,1,normal,0,10
cfg_11001_normal_a11.png,1,1,0,0,1,11001,1,normal,0,11
cfg_11001_normal_a12.png,1,1,0,0,1,11001,1,normal,0,12
cfg_11001_normal_a13.png,1,1,0,0,1,11001,1,normal,0,13
cfg_11001_normal_a14.png,1,1,0,0,1,11001,1,normal,0,14
cfg_11001_normal_a15.png,1,1,0,0,1,11001,1,normal,0,15
cfg_11001_normal_a16.png,1,1,0,0,1,11001,1,normal,0,16
cfg_11001_normal_a17.png,1,1,0,0,1,11001,1,normal,0,17
cfg_11001_normal_a18.png,1,1,0,0,1,11001,1,normal,0,18
cfg_11001_normal_a19.png,1,1,0,0,1,11001,1,normal,0,19
cfg_11001_normal_a20.png,1,1,0,0,1,11001,1,normal,0,20
cfg_11001_normal_a21.png,1,1,0,0,1,11001,1,normal,0,21
cfg_11001_normal_a22.png,1,1,0,0,1,11001,1,normal,0,22
cfg_11001_normal_a23.png,1,1,0,0,1,11001,1,normal,0,23
cfg_11001_zoom_in_a00.png,1,1,0,0,1,11001,2,zoom_in,-300,0
cfg_11001_zoom_in_a01.png,1,1,0,0,1,11001,2,zoom_in,-300,1
cfg_11001_zoom_in_a02.png,1,1,0,0,1,11001,2,zoom_in,-300,2
cfg_11001_zoom_in_a03.png,1,1,0,0,1,11001,2,zoom_in,-300,3
cfg_11001_zoom_in_a04.png,1,1,0,0,1,11001,2,zoom_in,-300,4
cfg_11001_zoom_in_a05.png,1,1,0,0,1,11001,2,zoom_in,-300,5
cfg_11001_zoom_in_a06.png,1,1,0,0,1,11001,2,zoom_in,-300,6
cfg_11001_zoom_in_a07.png,1,1,0,0,1,11001,2,zoom_in,-300,7
cfg_11001_zoom_in_a08.png,1,1,0,0,1,11001,2,zoom_in,-300,8
cfg_11001_zoom_in_a09.png,1,1,0,0,1,11001,2,zoom_in,-300,9
cfg_11001_zoom_in_a10.png,1,1,0,0,1,11001,2,zoom_in,-300,10
cfg_11001_zoom_in_a11.png,1,1,0,0,1,11001,2,zoom_in,-300,11
cfg_11001_zoom_in_a12.png,1,1,0,0,1,11001,2,zoom_in,-300,12
cfg_11001_zoom_in_a13.png,1,1,0,0,1,11001,2,zoom_in,-300,13
cfg_11001_zoom_in_a14.png,1,1,0,0,1,11001,2,zoom_in,-300,14
cfg_11001_zoom_in_a15.png,1,1,0,0,1,11001,2,zoom_in,-300,15
cfg_11001_zoom_in_a16.png,1,1,0,0,1,11001,2,zoom_in,-300,16
cfg_11001_zoom_in_a17.png,1,1,0,0,1,11001,2,zoom_in,-300,17
cfg_11001_zoom_in_a18.png,1,1,0,0,1,11001,2,zoom_in,-300,18
cfg_11001_zoom_in_a19.png,1,1,0,0,1,11001,2,zoom_in,-300,19
cfg_11001_zoom_in_a20.png,1,1,0,0,1,11001,2,zoom_in,-300,20
cfg_11001_zoom_in_a21.png,1,1,0,0,1,11001,2,zoom_in,-300,21
cfg_11001_zoom_in_a22.png,1,1,0,0,1,11001,2,zoom_in,-300,22
cfg_11001_zoom_in_a23.png,1,1,0,0,1,11001,2,zoom_in,-300,23
cfg_11010_zoom_out_a00.png,1,1,0,1,0,11010,0,zoom_out,300,0
cfg_11010_zoom_out_a01.png,1,1,0,1,0,11010,0,zoom_out,300,1
cfg_11010_zoom_out_a02.png,1,1,0,1,0,11010,0,zoom_out,300,2
cfg_11010_zoom_out_a03.png,1,1,0,1,0,11010,0,zoom_out,300,3
cfg_11010_zoom_out_a04.png,1,1,0,1,0,11010,0,zoom_out,300,4
cfg_11010_zoom_out_a05.png,1,1,0,1,0,11010,0,zoom_out,300,5
cfg_11010_zoom_out_a06.png,1,1,0,1,0,11010,0,zoom_out,300,6
cfg_11010_zoom_out_a07.png,1,1,0,1,0,11010,0,zoom_out,300,7
cfg_11010_zoom_out_a08.png,1,1,0,1,0,11010,0,zoom_out,300,8
cfg_11010_zoom_out_a09.png,1,1,0,1,0,11010,0,zoom_out,300,9
cfg_11010_zoom_out_a10.png,1,1,0,1,0,11010,0,zoom_out,300,10
cfg_11010_zoom_out_a11.png,1,1,0,1,0,11010,0,zoom_out,300,11
cfg_11010_zoom_out_a12.png,1,1,0,1,0,11010,0,zoom_out,300,12
cfg_11010_zoom_out_a13.png,1,1,0,1,0,11010,0,zoom_out,300,13
cfg_11010_zoom_out_a14.png,1,1,0,1,0,11010,0,zoom_out,300,14
cfg_11010_zoom_out_a15.png,1,1,0,1,0,11010,0,zoom_out,300,15
cfg_11010_zoom_out_a16.png,1,1,0,1,0,11010,0,zoom_out,300,16
cfg_11010_zoom_out_a17.png,1,1,0,1,0,11010,0,zoom_out,300,17
cfg_11010_zoom_out_a18.png,1,1,0,1,0,11010,0,zoom_out,300,18
cfg_11010_zoom_out_a19.png,1,1,0,1,0,11010,0,zoom_out,300,19
cfg_11010_zoom_out_a20.png,1,1,0,1,0,11010,0,zoom_out,300,20
cfg_11010_zoom_out_a21.png,1,1,0,1,0,11010,0,zoom_out,300,21
cfg_11010_zoom_out_a22.png,1,1,0,1,0,11010,0,zoom_out,300,22
cfg_11010_zoom_out_a23.png,1,1,0,1,0,11010,0,zoom_out,300,23
cfg_11010_normal_a00.png,1,1,0,1,0,11010,1,normal,0,0
cfg_11010_normal_a01.png,1,1,0,1,0,11010,1,normal,0,1
cfg_11010_normal_a02.png,1,1,0,1,0,11010,1,normal,0,2
cfg_11010_normal_a03.png,1,1,0,1,0,11010,1,normal,0,3
cfg_11010_normal_a04.png,1,1,0,1,0,11010,1,normal,0,4
cfg_11010_normal_a05.png,1,1,0,1,0,11010,1,normal,0,5
cfg_11010_normal_a06.png,1,1,0,1,0,11010,1,normal,0,6
cfg_11010_normal_a07.png,1,1,0,1,0,11010,1,normal,0,7
cfg_11010_normal_a08.png,1,1,0,1,0,11010,1,normal,0,8
cfg_11010_normal_a09.png,1,1,0,1,0,11010,1,normal,0,9
cfg_11010_normal_a10.png,1,1,0,1,0,11010,1,normal,0,10
cfg_11010_normal_a11.png,1,1,0,1,0,11010,1,normal,0,11
cfg_11010_normal_a12.png,1,1,0,1,0,11010,1,normal,0,12
cfg_11010_normal_a13.png,1,1,0,1,0,11010,1,normal,0,13
cfg_11010_normal_a14.png,1,1,0,1,0,11010,1,normal,0,14
cfg_11010_normal_a15.png,1,1,0,1,0,11010,1,normal,0,15
cfg_11010_normal_a16.png,1,1,0,1,0,11010,1,normal,0,16
cfg_11010_normal_a17.png,1,1,0,1,0,11010,1,normal,0,17
cfg_11010_normal_a18.png,1,1,0,1,0,11010,1,normal,0,18
cfg_11010_normal_a19.png,1,1,0,1,0,11010,1,normal,0,19
cfg_11010_normal_a20.png,1,1,0,1,0,11010,1,normal,0,20
cfg_11010_normal_a21.png,1,1,0,1,0,11010,1,normal,0,21
cfg_11010_normal_a22.png,1,1,0,1,0,11010,1,normal,0,22
cfg_11010_normal_a23.png,1,1,0,1,0,11010,1,normal,0,23
cfg_11010_zoom_in_a00.png,1,1,0,1,0,11010,2,zoom_in,-300,0
cfg_11010_zoom_in_a01.png,1,1,0,1,0,11010,2,zoom_in,-300,1
cfg_11010_zoom_in_a02.png,1,1,0,1,0,11010,2,zoom_in,-300,2
cfg_11010_zoom_in_a03.png,1,1,0,1,0,11010,2,zoom_in,-300,3
cfg_11010_zoom_in_a04.png,1,1,0,1,0,11010,2,zoom_in,-300,4
cfg_11010_zoom_in_a05.png,1,1,0,1,0,11010,2,zoom_in,-300,5
cfg_11010_zoom_in_a06.png,1,1,0,1,0,11010,2,zoom_in,-300,6
cfg_11010_zoom_in_a07.png,1,1,0,1,0,11010,2,zoom_in,-300,7
cfg_11010_zoom_in_a08.png,1,1,0,1,0,11010,2,zoom_in,-300,8
cfg_11010_zoom_in_a09.png,1,1,0,1,0,11010,2,zoom_in,-300,9
cfg_11010_zoom_in_a10.png,1,1,0,1,0,11010,2,zoom_in,-300,10
cfg_11010_zoom_in_a11.png,1,1,0,1,0,11010,2,zoom_in,-300,11
cfg_11010_zoom_in_a12.png,1,1,0,1,0,11010,2,zoom_in,-300,12
cfg_11010_zoom_in_a13.png,1,1,0,1,0,11010,2,zoom_in,-300,13
cfg_11010_zoom_in_a14.png,1,1,0,1,0,11010,2,zoom_in,-300,14
cfg_11010_zoom_in_a15.png,1,1,0,1,0,11010,2,zoom_in,-300,15
cfg_11010_zoom_in_a16.png,1,1,0,1,0,11010,2,zoom_in,-300,16
cfg_11010_zoom_in_a17.png,1,1,0,1,0,11010,2,zoom_in,-300,17
cfg_11010_zoom_in_a18.png,1,1,0,1,0,11010,2,zoom_in,-300,18
cfg_11010_zoom_in_a19.png,1,1,0,1,0,11010,2,zoom_in,-300,19
cfg_11010_zoom_in_a20.png,1,1,0,1,0,11010,2,zoom_in,-300,20
cfg_11010_zoom_in_a21.png,1,1,0,1,0,11010,2,zoom_in,-300,21
cfg_11010_zoom_in_a22.png,1,1,0,1,0,11010,2,zoom_in,-300,22
cfg_11010_zoom_in_a23.png,1,1,0,1,0,11010,2,zoom_in,-300,23
cfg_11011_zoom_out_a00.png,1,1,0,1,1,11011,0,zoom_out,300,0
cfg_11011_zoom_out_a01.png,1,1,0,1,1,11011,0,zoom_out,300,1
cfg_11011_zoom_out_a02.png,1,1,0,1,1,11011,0,zoom_out,300,2
cfg_11011_zoom_out_a03.png,1,1,0,1,1,11011,0,zoom_out,300,3
cfg_11011_zoom_out_a04.png,1,1,0,1,1,11011,0,zoom_out,300,4
cfg_11011_zoom_out_a05.png,1,1,0,1,1,11011,0,zoom_out,300,5
cfg_11011_zoom_out_a06.png,1,1,0,1,1,11011,0,zoom_out,300,6
cfg_11011_zoom_out_a07.png,1,1,0,1,1,11011,0,zoom_out,300,7
cfg_11011_zoom_out_a08.png,1,1,0,1,1,11011,0,zoom_out,300,8
cfg_11011_zoom_out_a09.png,1,1,0,1,1,11011,0,zoom_out,300,9
cfg_11011_zoom_out_a10.png,1,1,0,1,1,11011,0,zoom_out,300,10
cfg_11011_zoom_out_a11.png,1,1,0,1,1,11011,0,zoom_out,300,11
cfg_11011_zoom_out_a12.png,1,1,0,1,1,11011,0,zoom_out,300,12
cfg_11011_zoom_out_a13.png,1,1,0,1,1,11011,0,zoom_out,300,13
cfg_11011_zoom_out_a14.png,1,1,0,1,1,11011,0,zoom_out,300,14
cfg_11011_zoom_out_a15.png,1,1,0,1,1,11011,0,zoom_out,300,15
cfg_11011_zoom_out_a16.png,1,1,0,1,1,11011,0,zoom_out,300,16
cfg_11011_zoom_out_a17.png,1,1,0,1,1,11011,0,zoom_out,300,17
cfg_11011_zoom_out_a18.png,1,1,0,1,1,11011,0,zoom_out,300,18
cfg_11011_zoom_out_a19.png,1,1,0,1,1,11011,0,zoom_out,300,19
cfg_11011_zoom_out_a20.png,1,1,0,1,1,11011,0,zoom_out,300,20
cfg_11011_zoom_out_a21.png,1,1,0,1,1,11011,0,zoom_out,300,21
cfg_11011_zoom_out_a22.png,1,1,0,1,1,11011,0,zoom_out,300,22
cfg_11011_zoom_out_a23.png,1,1,0,1,1,11011,0,zoom_out,300,23
cfg_11011_normal_a00.png,1,1,0,1,1,11011,1,normal,0,0
cfg_11011_normal_a01.png,1,1,0,1,1,11011,1,normal,0,1
cfg_11011_normal_a02.png,1,1,0,1,1,11011,1,normal,0,2
cfg_11011_normal_a03.png,1,1,0,1,1,11011,1,normal,0,3
cfg_11011_normal_a04.png,1,1,0,1,1,11011,1,normal,0,4
cfg_11011_normal_a05.png,1,1,0,1,1,11011,1,normal,0,5
cfg_11011_normal_a06.png,1,1,0,1,1,11011,1,normal,0,6
cfg_11011_normal_a07.png,1,1,0,1,1,11011,1,normal,0,7
cfg_11011_normal_a08.png,1,1,0,1,1,11011,1,normal,0,8
cfg_11011_normal_a09.png,1,1,0,1,1,11011,1,normal,0,9
cfg_11011_normal_a10.png,1,1,0,1,1,11011,1,normal,0,10
cfg_11011_normal_a11.png,1,1,0,1,1,11011,1,normal,0,11
cfg_11011_normal_a12.png,1,1,0,1,1,11011,1,normal,0,12
cfg_11011_normal_a13.png,1,1,0,1,1,11011,1,normal,0,13
cfg_11011_normal_a14.png,1,1,0,1,1,11011,1,normal,0,14
cfg_11011_normal_a15.png,1,1,0,1,1,11011,1,normal,0,15
cfg_11011_normal_a16.png,1,1,0,1,1,11011,1,normal,0,16
cfg_11011_normal_a17.png,1,1,0,1,1,11011,1,normal,0,17
cfg_11011_normal_a18.png,1,1,0,1,1,11011,1,normal,0,18
cfg_11011_normal_a19.png,1,1,0,1,1,11011,1,normal,0,19
cfg_11011_normal_a20.png,1,1,0,1,1,11011,1,normal,0,20
cfg_11011_normal_a21.png,1,1,0,1,1,11011,1,normal,0,21
cfg_11011_normal_a22.png,1,1,0,1,1,11011,1,normal,0,22
cfg_11011_normal_a23.png,1,1,0,1,1,11011,1,normal,0,23
cfg_11011_zoom_in_a00.png,1,1,0,1,1,11011,2,zoom_in,-300,0
cfg_11011_zoom_in_a01.png,1,1,0,1,1,11011,2,zoom_in,-300,1
cfg_11011_zoom_in_a02.png,1,1,0,1,1,11011,2,zoom_in,-300,2
cfg_11011_zoom_in_a03.png,1,1,0,1,1,11011,2,zoom_in,-300,3
cfg_11011_zoom_in_a04.png,1,1,0,1,1,11011,2,zoom_in,-300,4
cfg_11011_zoom_in_a05.png,1,1,0,1,1,11011,2,zoom_in,-300,5
cfg_11011_zoom_in_a06.png,1,1,0,1,1,11011,2,zoom_in,-300,6
cfg_11011_zoom_in_a07.png,1,1,0,1,1,11011,2,zoom_in,-300,7
cfg_11011_zoom_in_a08.png,1,1,0,1,1,11011,2,zoom_in,-300,8
cfg_11011_zoom_in_a09.png,1,1,0,1,1,11011,2,zoom_in,-300,9
cfg_11011_zoom_in_a10.png,1,1,0,1,1,11011,2,zoom_in,-300,10
cfg_11011_zoom_in_a11.png,1,1,0,1,1,11011,2,zoom_in,-300,11
cfg_11011_zoom_in_a12.png,1,1,0,1,1,11011,2,zoom_in,-300,12
cfg_11011_zoom_in_a13.png,1,1,0,1,1,11011,2,zoom_in,-300,13
cfg_11011_zoom_in_a14.png,1,1,0,1,1,11011,2,zoom_in,-300,14
cfg_11011_zoom_in_a15.png,1,1,0,1,1,11011,2,zoom_in,-300,15
cfg_11011_zoom_in_a16.png,1,1,0,1,1,11011,2,zoom_in,-300,16
cfg_11011_zoom_in_a17.png,1,1,0,1,1,11011,2,zoom_in,-300,17
cfg_11011_zoom_in_a18.png,1,1,0,1,1,11011,2,zoom_in,-300,18
cfg_11011_zoom_in_a19.png,1,1,0,1,1,11011,2,zoom_in,-300,19
cfg_11011_zoom_in_a20.png,1,1,0,1,1,11011,2,zoom_in,-300,20
cfg_11011_zoom_in_a21.png,1,1,0,1,1,11011,2,zoom_in,-300,21
cfg_11011_zoom_in_a22.png,1,1,0,1,1,11011,2,zoom_in,-300,22
cfg_11011_zoom_in_a23.png,1,1,0,1,1,11011,2,zoom_in,-300,23
cfg_11100_zoom_out_a00.png,1,1,1,0,0,11100,0,zoom_out,300,0
cfg_11100_zoom_out_a01.png,1,1,1,0,0,11100,0,zoom_out,300,1
cfg_11100_zoom_out_a02.png,1,1,1,0,0,11100,0,zoom_out,300,2
cfg_11100_zoom_out_a03.png,1,1,1,0,0,11100,0,zoom_out,300,3
cfg_11100_zoom_out_a04.png,1,1,1,0,0,11100,0,zoom_out,300,4
cfg_11100_zoom_out_a05.png,1,1,1,0,0,11100,0,zoom_out,300,5
cfg_11100_zoom_out_a06.png,1,1,1,0,0,11100,0,zoom_out,300,6
cfg_11100_zoom_out_a07.png,1,1,1,0,0,11100,0,zoom_out,300,7
cfg_11100_zoom_out_a08.png,1,1,1,0,0,11100,0,zoom_out,300,8
cfg_11100_zoom_out_a09.png,1,1,1,0,0,11100,0,zoom_out,300,9
cfg_11100_zoom_out_a10.png,1,1,1,0,0,11100,0,zoom_out,300,10
cfg_11100_zoom_out_a11.png,1,1,1,0,0,11100,0,zoom_out,300,11
cfg_11100_zoom_out_a12.png,1,1,1,0,0,11100,0,zoom_out,300,12
cfg_11100_zoom_out_a13.png,1,1,1,0,0,11100,0,zoom_out,300,13
cfg_11100_zoom_out_a14.png,1,1,1,0,0,11100,0,zoom_out,300,14
cfg_11100_zoom_out_a15.png,1,1,1,0,0,11100,0,zoom_out,300,15
cfg_11100_zoom_out_a16.png,1,1,1,0,0,11100,0,zoom_out,300,16
cfg_11100_zoom_out_a17.png,1,1,1,0,0,11100,0,zoom_out,300,17
cfg_11100_zoom_out_a18.png,1,1,1,0,0,11100,0,zoom_out,300,18
cfg_11100_zoom_out_a19.png,1,1,1,0,0,11100,0,zoom_out,300,19
cfg_11100_zoom_out_a20.png,1,1,1,0,0,11100,0,zoom_out,300,20
cfg_11100_zoom_out_a21.png,1,1,1,0,0,11100,0,zoom_out,300,21
cfg_11100_zoom_out_a22.png,1,1,1,0,0,11100,0,zoom_out,300,22
cfg_11100_zoom_out_a23.png,1,1,1,0,0,11100,0,zoom_out,300,23
cfg_11100_normal_a00.png,1,1,1,0,0,11100,1,normal,0,0
cfg_11100_normal_a01.png,1,1,1,0,0,11100,1,normal,0,1
cfg_11100_normal_a02.png,1,1,1,0,0,11100,1,normal,0,2
cfg_11100_normal_a03.png,1,1,1,0,0,11100,1,normal,0,3
cfg_11100_normal_a04.png,1,1,1,0,0,11100,1,normal,0,4
cfg_11100_normal_a05.png,1,1,1,0,0,11100,1,normal,0,5
cfg_11100_normal_a06.png,1,1,1,0,0,11100,1,normal,0,6
cfg_11100_normal_a07.png,1,1,1,0,0,11100,1,normal,0,7
cfg_11100_normal_a08.png,1,1,1,0,0,11100,1,normal,0,8
cfg_11100_normal_a09.png,1,1,1,0,0,11100,1,normal,0,9
cfg_11100_normal_a10.png,1,1,1,0,0,11100,1,normal,0,10
cfg_11100_normal_a11.png,1,1,1,0,0,11100,1,normal,0,11
cfg_11100_normal_a12.png,1,1,1,0,0,11100,1,normal,0,12
cfg_11100_normal_a13.png,1,1,1,0,0,11100,1,normal,0,13
cfg_11100_normal_a14.png,1,1,1,0,0,11100,1,normal,0,14
cfg_11100_normal_a15.png,1,1,1,0,0,11100,1,normal,0,15
cfg_11100_normal_a16.png,1,1,1,0,0,11100,1,normal,0,16
cfg_11100_normal_a17.png,1,1,1,0,0,11100,1,normal,0,17
cfg_11100_normal_a18.png,1,1,1,0,0,11100,1,normal,0,18
cfg_11100_normal_a19.png,1,1,1,0,0,11100,1,normal,0,19
cfg_11100_normal_a20.png,1,1,1,0,0,11100,1,normal,0,20
cfg_11100_normal_a21.png,1,1,1,0,0,11100,1,normal,0,21
cfg_11100_normal_a22.png,1,1,1,0,0,11100,1,normal,0,22
cfg_11100_normal_a23.png,1,1,1,0,0,11100,1,normal,0,23
cfg_11100_zoom_in_a00.png,1,1,1,0,0,11100,2,zoom_in,-300,0
cfg_11100_zoom_in_a01.png,1,1,1,0,0,11100,2,zoom_in,-300,1
cfg_11100_zoom_in_a02.png,1,1,1,0,0,11100,2,zoom_in,-300,2
cfg_11100_zoom_in_a03.png,1,1,1,0,0,11100,2,zoom_in,-300,3
cfg_11100_zoom_in_a04.png,1,1,1,0,0,11100,2,zoom_in,-300,4
cfg_11100_zoom_in_a05.png,1,1,1,0,0,11100,2,zoom_in,-300,5
cfg_11100_zoom_in_a06.png,1,1,1,0,0,11100,2,zoom_in,-300,6
cfg_11100_zoom_in_a07.png,1,1,1,0,0,11100,2,zoom_in,-300,7
cfg_11100_zoom_in_a08.png,1,1,1,0,0,11100,2,zoom_in,-300,8
cfg_11100_zoom_in_a09.png,1,1,1,0,0,11100,2,zoom_in,-300,9
cfg_11100_zoom_in_a10.png,1,1,1,0,0,11100,2,zoom_in,-300,10
cfg_11100_zoom_in_a11.png,1,1,1,0,0,11100,2,zoom_in,-300,11
cfg_11100_zoom_in_a12.png,1,1,1,0,0,11100,2,zoom_in,-300,12
cfg_11100_zoom_in_a13.png,1,1,1,0,0,11100,2,zoom_in,-300,13
cfg_11100_zoom_in_a14.png,1,1,1,0,0,11100,2,zoom_in,-300,14
cfg_11100_zoom_in_a15.png,1,1,1,0,0,11100,2,zoom_in,-300,15
cfg_11100_zoom_in_a16.png,1,1,1,0,0,11100,2,zoom_in,-300,16
cfg_11100_zoom_in_a17.png,1,1,1,0,0,11100,2,zoom_in,-300,17
cfg_11100_zoom_in_a18.png,1,1,1,0,0,11100,2,zoom_in,-300,18
cfg_11100_zoom_in_a19.png,1,1,1,0,0,11100,2,zoom_in,-300,19
cfg_11100_zoom_in_a20.png,1,1,1,0,0,11100,2,zoom_in,-300,20
cfg_11100_zoom_in_a21.png,1,1,1,0,0,11100,2,zoom_in,-300,21
cfg_11100_zoom_in_a22.png,1,1,1,0,0,11100,2,zoom_in,-300,22
cfg_11100_zoom_in_a23.png,1,1,1,0,0,11100,2,zoom_in,-300,23
cfg_11101_zoom_out_a00.png,1,1,1,0,1,11101,0,zoom_out,300,0
cfg_11101_zoom_out_a01.png,1,1,1,0,1,11101,0,zoom_out,300,1
cfg_11101_zoom_out_a02.png,1,1,1,0,1,11101,0,zoom_out,300,2
cfg_11101_zoom_out_a03.png,1,1,1,0,1,11101,0,zoom_out,300,3
cfg_11101_zoom_out_a04.png,1,1,1,0,1,11101,0,zoom_out,300,4
cfg_11101_zoom_out_a05.png,1,1,1,0,1,11101,0,zoom_out,300,5
cfg_11101_zoom_out_a06.png,1,1,1,0,1,11101,0,zoom_out,300,6
cfg_11101_zoom_out_a07.png,1,1,1,0,1,11101,0,zoom_out,300,7
cfg_11101_zoom_out_a08.png,1,1,1,0,1,11101,0,zoom_out,300,8
cfg_11101_zoom_out_a09.png,1,1,1,0,1,11101,0,zoom_out,300,9
cfg_11101_zoom_out_a10.png,1,1,1,0,1,11101,0,zoom_out,300,10
cfg_11101_zoom_out_a11.png,1,1,1,0,1,11101,0,zoom_out,300,11
cfg_11101_zoom_out_a12.png,1,1,1,0,1,11101,0,zoom_out,300,12
cfg_11101_zoom_out_a13.png,1,1,1,0,1,11101,0,zoom_out,300,13
cfg_11101_zoom_out_a14.png,1,1,1,0,1,11101,0,zoom_out,300,14
cfg_11101_zoom_out_a15.png,1,1,1,0,1,11101,0,zoom_out,300,15
cfg_11101_zoom_out_a16.png,1,1,1,0,1,11101,0,zoom_out,300,16
cfg_11101_zoom_out_a17.png,1,1,1,0,1,11101,0,zoom_out,300,17
cfg_11101_zoom_out_a18.png,1,1,1,0,1,11101,0,zoom_out,300,18
cfg_11101_zoom_out_a19.png,1,1,1,0,1,11101,0,zoom_out,300,19
cfg_11101_zoom_out_a20.png,1,1,1,0,1,11101,0,zoom_out,300,20
cfg_11101_zoom_out_a21.png,1,1,1,0,1,11101,0,zoom_out,300,21
cfg_11101_zoom_out_a22.png,1,1,1,0,1,11101,0,zoom_out,300,22
cfg_11101_zoom_out_a23.png,1,1,1,0,1,11101,0,zoom_out,300,23
cfg_11101_normal_a00.png,1,1,1,0,1,11101,1,normal,0,0
cfg_11101_normal_a01.png,1,1,1,0,1,11101,1,normal,0,1
cfg_11101_normal_a02.png,1,1,1,0,1,11101,1,normal,0,2
cfg_11101_normal_a03.png,1,1,1,0,1,11101,1,normal,0,3
cfg_11101_normal_a04.png,1,1,1,0,1,11101,1,normal,0,4
cfg_11101_normal_a05.png,1,1,1,0,1,11101,1,normal,0,5
cfg_11101_normal_a06.png,1,1,1,0,1,11101,1,normal,0,6
cfg_11101_normal_a07.png,1,1,1,0,1,11101,1,normal,0,7
cfg_11101_normal_a08.png,1,1,1,0,1,11101,1,normal,0,8
cfg_11101_normal_a09.png,1,1,1,0,1,11101,1,normal,0,9
cfg_11101_normal_a10.png,1,1,1,0,1,11101,1,normal,0,10
cfg_11101_normal_a11.png,1,1,1,0,1,11101,1,normal,0,11
cfg_11101_normal_a12.png,1,1,1,0,1,11101,1,normal,0,12
cfg_11101_normal_a13.png,1,1,1,0,1,11101,1,normal,0,13
cfg_11101_normal_a14.png,1,1,1,0,1,11101,1,normal,0,14
cfg_11101_normal_a15.png,1,1,1,0,1,11101,1,normal,0,15
cfg_11101_normal_a16.png,1,1,1,0,1,11101,1,normal,0,16
cfg_11101_normal_a17.png,1,1,1,0,1,11101,1,normal,0,17
cfg_11101_normal_a18.png,1,1,1,0,1,11101,1,normal,0,18
cfg_11101_normal_a19.png,1,1,1,0,1,11101,1,normal,0,19
cfg_11101_normal_a20.png,1,1,1,0,1,11101,1,normal,0,20
cfg_11101_normal_a21.png,1,1,1,0,1,11101,1,normal,0,21
cfg_11101_normal_a22.png,1,1,1,0,1,11101,1,normal,0,22
cfg_11101_normal_a23.png,1,1,1,0,1,11101,1,normal,0,23
cfg_11101_zoom_in_a00.png,1,1,1,0,1,11101,2,zoom_in,-300,0
cfg_11101_zoom_in_a01.png,1,1,1,0,1,11101,2,zoom_in,-300,1
cfg_11101_zoom_in_a02.png,1,1,1,0,1,11101,2,zoom_in,-300,2
cfg_11101_zoom_in_a03.png,1,1,1,0,1,11101,2,zoom_in,-300,3
cfg_11101_zoom_in_a04.png,1,1,1,0,1,11101,2,zoom_in,-300,4
cfg_11101_zoom_in_a05.png,1,1,1,0,1,11101,2,zoom_in,-300,5
cfg_11101_zoom_in_a06.png,1,1,1,0,1,11101,2,zoom_in,-300,6
cfg_11101_zoom_in_a07.png,1,1,1,0,1,11101,2,zoom_in,-300,7
cfg_11101_zoom_in_a08.png,1,1,1,0,1,11101,2,zoom_in,-300,8
cfg_11101_zoom_in_a09.png,1,1,1,0,1,11101,2,zoom_in,-300,9
cfg_11101_zoom_in_a10.png,1,1,1,0,1,11101,2,zoom_in,-300,10
cfg_11101_zoom_in_a11.png,1,1,1,0,1,11101,2,zoom_in,-300,11
cfg_11101_zoom_in_a12.png,1,1,1,0,1,11101,2,zoom_in,-300,12
cfg_11101_zoom_in_a13.png,1,1,1,0,1,11101,2,zoom_in,-300,13
cfg_11101_zoom_in_a14.png,1,1,1,0,1,11101,2,zoom_in,-300,14
cfg_11101_zoom_in_a15.png,1,1,1,0,1,11101,2,zoom_in,-300,15
cfg_11101_zoom_in_a16.png,1,1,1,0,1,11101,2,zoom_in,-300,16
cfg_11101_zoom_in_a17.png,1,1,1,0,1,11101,2,zoom_in,-300,17
cfg_11101_zoom_in_a18.png,1,1,1,0,1,11101,2,zoom_in,-300,18
cfg_11101_zoom_in_a19.png,1,1,1,0,1,11101,2,zoom_in,-300,19
cfg_11101_zoom_in_a20.png,1,1,1,0,1,11101,2,zoom_in,-300,20
cfg_11101_zoom_in_a21.png,1,1,1,0,1,11101,2,zoom_in,-300,21
cfg_11101_zoom_in_a22.png,1,1,1,0,1,11101,2,zoom_in,-300,22
cfg_11101_zoom_in_a23.png,1,1,1,0,1,11101,2,zoom_in,-300,23
cfg_11110_zoom_out_a00.png,1,1,1,1,0,11110,0,zoom_out,300,0
cfg_11110_zoom_out_a01.png,1,1,1,1,0,11110,0,zoom_out,300,1
cfg_11110_zoom_out_a02.png,1,1,1,1,0,11110,0,zoom_out,300,2
cfg_11110_zoom_out_a03.png,1,1,1,1,0,11110,0,zoom_out,300,3
cfg_11110_zoom_out_a04.png,1,1,1,1,0,11110,0,zoom_out,300,4
cfg_11110_zoom_out_a05.png,1,1,1,1,0,11110,0,zoom_out,300,5
cfg_11110_zoom_out_a06.png,1,1,1,1,0,11110,0,zoom_out,300,6
cfg_11110_zoom_out_a07.png,1,1,1,1,0,11110,0,zoom_out,300,7
cfg_11110_zoom_out_a08.png,1,1,1,1,0,11110,0,zoom_out,300,8
cfg_11110_zoom_out_a09.png,1,1,1,1,0,11110,0,zoom_out,300,9
cfg_11110_zoom_out_a10.png,1,1,1,1,0,11110,0,zoom_out,300,10
cfg_11110_zoom_out_a11.png,1,1,1,1,0,11110,0,zoom_out,300,11
cfg_11110_zoom_out_a12.png,1,1,1,1,0,11110,0,zoom_out,300,12
cfg_11110_zoom_out_a13.png,1,1,1,1,0,11110,0,zoom_out,300,13
cfg_11110_zoom_out_a14.png,1,1,1,1,0,11110,0,zoom_out,300,14
cfg_11110_zoom_out_a15.png,1,1,1,1,0,11110,0,zoom_out,300,15
cfg_11110_zoom_out_a16.png,1,1,1,1,0,11110,0,zoom_out,300,16
cfg_11110_zoom_out_a17.png,1,1,1,1,0,11110,0,zoom_out,300,17
cfg_11110_zoom_out_a18.png,1,1,1,1,0,11110,0,zoom_out,300,18
cfg_11110_zoom_out_a19.png,1,1,1,1,0,11110,0,zoom_out,300,19
cfg_11110_zoom_out_a20.png,1,1,1,1,0,11110,0,zoom_out,300,20
cfg_11110_zoom_out_a21.png,1,1,1,1,0,11110,0,zoom_out,300,21
cfg_11110_zoom_out_a22.png,1,1,1,1,0,11110,0,zoom_out,300,22
cfg_11110_zoom_out_a23.png,1,1,1,1,0,11110,0,zoom_out,300,23
cfg_11110_normal_a00.png,1,1,1,1,0,11110,1,normal,0,0
cfg_11110_normal_a01.png,1,1,1,1,0,11110,1,normal,0,1
cfg_11110_normal_a02.png,1,1,1,1,0,11110,1,normal,0,2
cfg_11110_normal_a03.png,1,1,1,1,0,11110,1,normal,0,3
cfg_11110_normal_a04.png,1,1,1,1,0,11110,1,normal,0,4
cfg_11110_normal_a05.png,1,1,1,1,0,11110,1,normal,0,5
cfg_11110_normal_a06.png,1,1,1,1,0,11110,1,normal,0,6
cfg_11110_normal_a07.png,1,1,1,1,0,11110,1,normal,0,7
cfg_11110_normal_a08.png,1,1,1,1,0,11110,1,normal,0,8
cfg_11110_normal_a09.png,1,1,1,1,0,11110,1,normal,0,9
cfg_11110_normal_a10.png,1,1,1,1,0,11110,1,normal,0,10
cfg_11110_normal_a11.png,1,1,1,1,0,11110,1,normal,0,11
cfg_11110_normal_a12.png,1,1,1,1,0,11110,1,normal,0,12
cfg_11110_normal_a13.png,1,1,1,1,0,11110,1,normal,0,13
cfg_11110_normal_a14.png,1,1,1,1,0,11110,1,normal,0,14
cfg_11110_normal_a15.png,1,1,1,1,0,11110,1,normal,0,15
cfg_11110_normal_a16.png,1,1,1,1,0,11110,1,normal,0,16
cfg_11110_normal_a17.png,1,1,1,1,0,11110,1,normal,0,17
cfg_11110_normal_a18.png,1,1,1,1,0,11110,1,normal,0,18
cfg_11110_normal_a19.png,1,1,1,1,0,11110,1,normal,0,19
cfg_11110_normal_a20.png,1,1,1,1,0,11110,1,normal,0,20
cfg_11110_normal_a21.png,1,1,1,1,0,11110,1,normal,0,21
cfg_11110_normal_a22.png,1,1,1,1,0,11110,1,normal,0,22
cfg_11110_normal_a23.png,1,1,1,1,0,11110,1,normal,0,23
cfg_11110_zoom_in_a00.png,1,1,1,1,0,11110,2,zoom_in,-300,0
cfg_11110_zoom_in_a01.png,1,1,1,1,0,11110,2,zoom_in,-300,1
cfg_11110_zoom_in_a02.png,1,1,1,1,0,11110,2,zoom_in,-300,2
cfg_11110_zoom_in_a03.png,1,1,1,1,0,11110,2,zoom_in,-300,3
cfg_11110_zoom_in_a04.png,1,1,1,1,0,11110,2,zoom_in,-300,4
cfg_11110_zoom_in_a05.png,1,1,1,1,0,11110,2,zoom_in,-300,5
cfg_11110_zoom_in_a06.png,1,1,1,1,0,11110,2,zoom_in,-300,6
cfg_11110_zoom_in_a07.png,1,1,1,1,0,11110,2,zoom_in,-300,7
cfg_11110_zoom_in_a08.png,1,1,1,1,0,11110,2,zoom_in,-300,8
cfg_11110_zoom_in_a09.png,1,1,1,1,0,11110,2,zoom_in,-300,9
cfg_11110_zoom_in_a10.png,1,1,1,1,0,11110,2,zoom_in,-300,10
cfg_11110_zoom_in_a11.png,1,1,1,1,0,11110,2,zoom_in,-300,11
cfg_11110_zoom_in_a12.png,1,1,1,1,0,11110,2,zoom_in,-300,12
cfg_11110_zoom_in_a13.png,1,1,1,1,0,11110,2,zoom_in,-300,13
cfg_11110_zoom_in_a14.png,1,1,1,1,0,11110,2,zoom_in,-300,14
cfg_11110_zoom_in_a15.png,1,1,1,1,0,11110,2,zoom_in,-300,15
cfg_11110_zoom_in_a16.png,1,1,1,1,0,11110,2,zoom_in,-300,16
cfg_11110_zoom_in_a17.png,1,1,1,1,0,11110,2,zoom_in,-300,17
cfg_11110_zoom_in_a18.png,1,1,1,1,0,11110,2,zoom_in,-300,18
cfg_11110_zoom_in_a19.png,1,1,1,1,0,11110,2,zoom_in,-300,19
cfg_11110_zoom_in_a20.png,1,1,1,1,0,11110,2,zoom_in,-300,20
cfg_11110_zoom_in_a21.png,1,1,1,1,0,11110,2,zoom_in,-300,21
cfg_11110_zoom_in_a22.png,1,1,1,1,0,11110,2,zoom_in,-300,22
cfg_11110_zoom_in_a23.png,1,1,1,1,0,11110,2,zoom_in,-300,23
cfg_11111_zoom_out_a00.png,1,1,1,1,1,11111,0,zoom_out,300,0
cfg_11111_zoom_out_a01.png,1,1,1,1,1,11111,0,zoom_out,300,1
cfg_11111_zoom_out_a02.png,1,1,1,1,1,11111,0,zoom_out,300,2
cfg_11111_zoom_out_a03.png,1,1,1,1,1,11111,0,zoom_out,300,3
cfg_11111_zoom_out_a04.png,1,1,1,1,1,11111,0,zoom_out,300,4
cfg_11111_zoom_out_a05.png,1,1,1,1,1,11111,0,zoom_out,300,5
cfg_11111_zoom_out_a06.png,1,1,1,1,1,11111,0,zoom_out,300,6
cfg_11111_zoom_out_a07.png,1,1,1,1,1,11111,0,zoom_out,300,7
cfg_11111_zoom_out_a08.png,1,1,1,1,1,11111,0,zoom_out,300,8
cfg_11111_zoom_out_a09.png,1,1,1,1,1,11111,0,zoom_out,300,9
cfg_11111_zoom_out_a10.png,1,1,1,1,1,11111,0,zoom_out,300,10
cfg_11111_zoom_out_a11.png,1,1,1,1,1,11111,0,zoom_out,300,11
cfg_11111_zoom_out_a12.png,1,1,1,1,1,11111,0,zoom_out,300,12
cfg_11111_zoom_out_a13.png,1,1,1,1,1,11111,0,zoom_out,300,13
cfg_11111_zoom_out_a14.png,1,1,1,1,1,11111,0,zoom_out,300,14
cfg_11111_zoom_out_a15.png,1,1,1,1,1,11111,0,zoom_out,300,15
cfg_11111_zoom_out_a16.png,1,1,1,1,1,11111,0,zoom_out,300,16
cfg_11111_zoom_out_a17.png,1,1,1,1,1,11111,0,zoom_out,300,17
cfg_11111_zoom_out_a18.png,1,1,1,1,1,11111,0,zoom_out,300,18
cfg_11111_zoom_out_a19.png,1,1,1,1,1,11111,0,zoom_out,300,19
cfg_11111_zoom_out_a20.png,1,1,1,1,1,11111,0,zoom_out,300,20
cfg_11111_zoom_out_a21.png,1,1,1,1,1,11111,0,zoom_out,300,21
cfg_11111_zoom_out_a22.png,1,1,1,1,1,11111,0,zoom_out,300,22
cfg_11111_zoom_out_a23.png,1,1,1,1,1,11111,0,zoom_out,300,23
cfg_11111_normal_a00.png,1,1,1,1,1,11111,1,normal,0,0
cfg_11111_normal_a01.png,1,1,1,1,1,11111,1,normal,0,1
cfg_11111_normal_a02.png,1,1,1,1,1,11111,1,normal,0,2
cfg_11111_normal_a03.png,1,1,1,1,1,11111,1,normal,0,3
cfg_11111_normal_a04.png,1,1,1,1,1,11111,1,normal,0,4
cfg_11111_normal_a05.png,1,1,1,1,1,11111,1,normal,0,5
cfg_11111_normal_a06.png,1,1,1,1,1,11111,1,normal,0,6
cfg_11111_normal_a07.png,1,1,1,1,1,11111,1,normal,0,7
cfg_11111_normal_a08.png,1,1,1,1,1,11111,1,normal,0,8
cfg_11111_normal_a09.png,1,1,1,1,1,11111,1,normal,0,9
cfg_11111_normal_a10.png,1,1,1,1,1,11111,1,normal,0,10
cfg_11111_normal_a11.png,1,1,1,1,1,11111,1,normal,0,11
cfg_11111_normal_a12.png,1,1,1,1,1,11111,1,normal,0,12
cfg_11111_normal_a13.png,1,1,1,1,1,11111,1,normal,0,13
cfg_11111_normal_a14.png,1,1,1,1,1,11111,1,normal,0,14
cfg_11111_normal_a15.png,1,1,1,1,1,11111,1,normal,0,15
cfg_11111_normal_a16.png,1,1,1,1,1,11111,1,normal,0,16
cfg_11111_normal_a17.png,1,1,1,1,1,11111,1,normal,0,17
cfg_11111_normal_a18.png,1,1,1,1,1,11111,1,normal,0,18
cfg_11111_normal_a19.png,1,1,1,1,1,11111,1,normal,0,19
cfg_11111_normal_a20.png,1,1,1,1,1,11111,1,normal,0,20
cfg_11111_normal_a21.png,1,1,1,1,1,11111,1,normal,0,21
cfg_11111_normal_a22.png,1,1,1,1,1,11111,1,normal,0,22
cfg_11111_normal_a23.png,1,1,1,1,1,11111,1,normal,0,23
cfg_11111_zoom_in_a00.png,1,1,1,1,1,11111,2,zoom_in,-300,0
cfg_11111_zoom_in_a01.png,1,1,1,1,1,11111,2,zoom_in,-300,1
cfg_11111_zoom_in_a02.png,1,1,1,1,1,11111,2,zoom_in,-300,2
cfg_11111_zoom_in_a03.png,1,1,1,1,1,11111,2,zoom_in,-300,3
cfg_11111_zoom_in_a04.png,1,1,1,1,1,11111,2,zoom_in,-300,4
cfg_11111_zoom_in_a05.png,1,1,1,1,1,11111,2,zoom_in,-300,5
cfg_11111_zoom_in_a06.png,1,1,1,1,1,11111,2,zoom_in,-300,6
cfg_11111_zoom_in_a07.png,1,1,1,1,1,11111,2,zoom_in,-300,7
cfg_11111_zoom_in_a08.png,1,1,1,1,1,11111,2,zoom_in,-300,8
cfg_11111_zoom_in_a09.png,1,1,1,1,1,11111,2,zoom_in,-300,9
cfg_11111_zoom_in_a10.png,1,1,1,1,1,11111,2,zoom_in,-300,10
cfg_11111_zoom_in_a11.png,1,1,1,1,1,11111,2,zoom_in,-300,11
cfg_11111_zoom_in_a12.png,1,1,1,1,1,11111,2,zoom_in,-300,12
cfg_11111_zoom_in_a13.png,1,1,1,1,1,11111,2,zoom_in,-300,13
cfg_11111_zoom_in_a14.png,1,1,1,1,1,11111,2,zoom_in,-300,14
cfg_11111_zoom_in_a15.png,1,1,1,1,1,11111,2,zoom_in,-300,15
cfg_11111_zoom_in_a16.png,1,1,1,1,1,11111,2,zoom_in,-300,16
cfg_11111_zoom_in_a17.png,1,1,1,1,1,11111,2,zoom_in,-300,17
cfg_11111_zoom_in_a18.png,1,1,1,1,1,11111,2,zoom_in,-300,18
cfg_11111_zoom_in_a19.png,1,1,1,1,1,11111,2,zoom_in,-300,19
cfg_11111_zoom_in_a20.png,1,1,1,1,1,11111,2,zoom_in,-300,20
cfg_11111_zoom_in_a21.png,1,1,1,1,1,11111,2,zoom_in,-300,21
cfg_11111_zoom_in_a22.png,1,1,1,1,1,11111,2,zoom_in,-300,22
cfg_11111_zoom_in_a23.png,1,1,1,1,1,11111,2,zoom_in,-300,23
